relative_path,bytes,sha256
.gitattributes,83,2b9c3d41c848a741571cc0162ad88d53584757df676f77aa82665d14caa9de9e
.gitignore,105,3f4898bc6784c94bb7a1043f2341f9eadf8640a83c8b7e12889120e17124ca16
code/aggregate_replay.py,2089,1543715cf4e49b2f7214591198ab6c1db70612931ea8b8bf5f12f17d46fe3db1
code/appendix_audit.py,21358,9230c88921b3f9df9846cbca33739a2dca0238dd01fe60c2da60c7fb92becb55
code/archived_update_timebase.py,3521,12c597757e9f4fc9b56cd1376a3b3dd5ff29c9f10d56ed13cfa90837832c8feb
code/batch_archive.py,29096,3abb90a24f215f038ead353e5afda3196f234f8067fbe49afcca303b3625ff31
code/batch_sweep.py,8290,812e19499637db7359fb8c1bb16a93077588f275c3c7dd5a2e5f8b2915a4873f
code/build_rate_sensitivity_table.py,4953,2bfc8dacf851347881271b831a94a2d72bfd9089d0e8f439adef3dd8d8b19d38
code/build_scale_lock.py,6652,7fc4985141337e68894205ba9be7931c6a7fc8f6e4f7853694fcda7b53783a7e
code/build_sensitivity_configs.py,5430,9dee72af45a95447099176ce29dfb53d50b82e5682fb89e20370556aa4b76f8b
code/check_pid_selection_protocol.py,3563,e8c4a40d871b99f68022b5c9e381262d5ab67853b2c18564d3ee58ec8b46a652
code/command_audit.py,12635,f851904167949a5ae8c768d1d56ae1573b34d01d83027cd6d76ab3840f49be8c
code/controller_replay.py,68451,29fb3655d7312f428d97ab517c032abf69299844ac7ee0101ce73b6c1cfc4c5e
code/corridor_sensitivity.py,11670,9147d3f4307c732e7bce75697b780375bb21363c03c6e6c4b7fa0e1215f1db84
code/engine_core/15_realdata_closed_loop_suite.py,53163,b6c12bad5a077c799b6a61da905c0188160725bc82b12fcf67f69f590c055082
code/engine_core/20_independent_replay_validation.py,23504,d8142d343f238cf3a0f804f35359761e768c74b66dd808ae0705e68350b73d44
code/engine_core/src/ablation_data.py,16587,9a4045098f253257fc2762bdbe285fbe7d35e2bf9cbe2c36a330f0bd2a3b6f0e
code/engine_core/src/controllers.py,2155,911c22c1d8ee1ec1197e65782fb27eb2384ee115269a04567e96db2495324eda
code/engine_core/src/data_utils.py,3630,79b273616a0bad8b747769892a5f303c400ac9f7116010eda5dd55d51e21fd3a
code/engine_core/src/ekf.py,1308,b8b549d543751a8327885221f07c11d6ef92ac95caeed1377e73a5cf4b17a93c
code/engine_core/src/model.py,3414,3f02b47b4bc731df7502e4e9e3a3f18056508e5a010f381b7b5d591de4207f94
code/engine_core/src/real_process_data.py,11638,633fe9729e53e98d69a7cda6f584e151c13b338ef9917893ff1cdb2c8e55518a
code/farch_forward_diagnostic.py,48633,f9a8690a49c86cc015ebdecf20af9fc2577a3940f7c45841e44fee1608d1c544
code/implementation_sensitivity.py,20924,60345f4664983c5c0dce52c7298e4b62df11325de1023d183e4d5cd176a2bcc8
code/model_lopo.py,10159,92eda7b51b35fd3ff4fff2e91bf194d257f323708e7caa05e66b147e70468e47
code/model_lopo_data.py,1029,cb84022dd9b5a1b9e7f728d7aac2db02c322f120f97c8c6ea8f7c4480ca5e8ac
code/opcua_loopback.py,8010,6223f67df1c61351050e2fdc8e7539de545d63fbf7d833f9e91e98941e73a2bb
code/predictor_training_audit.py,9913,d2d617215d957403a01673550ee69db7b035017d6be5afd1a4b128564c807587
code/protocol.py,61694,e72e75dfef0ab5f532607fa46486db2d1fea1e70e748c5e70e2ee885160ae18f
code/public_statistics_audit.py,17465,c50bf437321cb30bb850e55213ceec325605b5f0728825573e266a266cc44bb4
code/publish_figures.py,19564,0c7b7d2915b2793e5be56e4f93f1d1c84b2149b4061783f08d89e34d96942cd6
code/publish_tables.py,33039,1216cafd074c949a8dff890d233869e945a4c7a8a543b4a18dc9a15d665420c8
code/raw_archive.py,3036,a9f3b7f7dcfc0179fa7a79fdcae5000a388c21341d4606b4ade8149a8f722e98
code/recorded_band_decomposition.py,20095,8f655cfa1ade5177503ab30a2374f1aa8a062ce7734e54673814e0b907e1ee94
code/replay_distribution_diagnostic.py,14503,51cec5f2433bb959a726119b4d857fe86de7509489dba9c40d2d8ea624dd1c83
code/run_batch_bootstrap.py,4592,c21e7291ebc01d19f135d61ef177c91e9ba1d22fd9c37b964d45da21ce64e26d
code/run_faults.py,5821,6e10917e81bdc83a2ba9fa7e5ef3ed4a2dac137f35db6987c82e78e2d9bd3615
code/run_pid_selection_audit.py,22575,dfb4b17fe89765a875b8b7c402af96b83f901717739d8e5b44b4ed88f3a5b510
code/run_pipeline.py,21434,40490b45c46727e8343536b9bf32f43bab501b36165db3a989228ec03cd4c65a
code/run_relocking.py,11214,fb28da3d79131e11d9b6b401b1fcf47b4b82dcf13f583b29cd89b62f65957aa9
code/run_seed_sensitivity.py,4265,ddc210049b89a010698c751b3625c4969512ac79e22663a04174b9c2a3ceaeee
code/scale_lock.py,4888,822af984abc90cad9d2fd560abb8884f992a7d6a1d76159922ed61900ccf3257
code/segmented_archived_timebase.py,6905,09fa6c90f7129f0937e274e36be146c7be3db632ddbe9ba0fd298b38d523c7c2
code/stress_analysis.py,3296,d1dadb26912b906730baf2fe061f5eadafac7a88a8cbae4c83e3685b56caef67
code/stress_sweep.py,4079,fdfef87af514a96d6d604ca2bd2c3dcd23dba942a753dec2e936da0324f4afaa
code/supported_command_motion.py,2517,e1222f531cfd4080cc6afef6002fb46a6bf51861ac57fecd6869b11cef9b7749
code/supported_motion_audit.py,6937,8156effb3fe04a142328233bd712198c1177b51d1ba2fe2d594b1c366188373a
code/tail_statistics.py,1373,eadf267471d3d3da7f48d2b42d5f167d88589f0875f2b9a17e269883a6696cfa
code/train_final_predictor.py,2592,82af174d5b89a67f149d4b976cb337bd9b90d2284590636beef678bc5387f7fe
config/controller_lock.json,2624,d81afac7d0111227a87a0ea4e430af9cd87de5c2d0659d3785c6c7fda52f500a
config/data1_scale_lock.json,7384,c1d56ca44f53cf44db93fd92fa35fbab465fcac43a63c98b86f24d92b0aae545
config/implementation_sensitivity/amplitude_envelope_configs.json,8747,bbbd99f4415bbf7a6f3693a7f63a38f7c9a646b26fe37dacac760a55fe77b099
config/implementation_sensitivity/anti_windup_configs.json,4531,2e168cb6dbef40af68bbecec94e34ad98646fde190fffc92b079ea145cff2018
config/implementation_sensitivity/architecture_ablation_configs.json,2059,b26a106a9fc3da63c5154fbe9ddde9dc7a9e3fd5e7c447fdde7df1a120ed3d59
config/implementation_sensitivity/emulator_compact_configs.json,14751,85c41e89737135cca404fc5f84d97de9cf7698e18dcda1afe478f420b5bdf47e
config/implementation_sensitivity/output_clip_configs.json,6309,22801055086bf966898d030562d73ed7ff7d825dbd786343be5b6bd2d1efc927
config/implementation_sensitivity/output_no_clip_configs.json,2197,b9ee684268119b55c6d7a88b9a2d1de55ed5f2c7d0d147f790cd1a4cdfa24cc6
config/implementation_sensitivity/rate_sensitivity_configs.json,8533,ac218f112f792c85fc11e2db667f96d4c6e0d4167471627f202990a0b5ee3791
config/locked_pid.json,92,82a8e4f8bb3c63ff513e5fa0c460a233d7c648ce956522609252413e6469f69d
config/model_selection.json,908,96b1b626e16db4156ae9f70df686473a1d157abf204910111b234fa42a13055e
config/reference_run/03_nominal/audit/data1_stage_quantile_envelope_p025_p975.csv,633,7c70f1b39c507cfb4b6ee330b3cb9a326243a23c50f681b632da1a336fbd1489
config/reference_run/03_nominal/stage_allocation_ablation_manifest.json,2792,f201fb6ed4b4db62775ca25a00e6c0eb30b10346d76bcfa0cf91da2d5022cac2
config/selected_controller_configs.json,2246,d701859e459edacf32b610506b0a47fbf8ac0a8453acd48900137c6d392f63c2
config/stress/scenario_01_residual_0.90.json,1700,d3039f72ff9e716a6473f28fee1775b13052af5d383a5b73bc76b05f87a24374
config/stress/scenario_02_residual_1.10.json,1700,3d426686416d2f2b9ba62b752df5abb4619c693d5ffcb4c66a24dd325f3370c4
config/stress/scenario_03_residual_1.20.json,1700,31626a29f7898a515f9a6bc41f0caf097852d0be2f99ed665d8c7e12bd8c0c3a
config/stress/scenario_04_residual_1.35.json,1703,dffdb1663bced95a5d486064fa06753c0defd99566dfaf1875ac2f0f7f2c0873
config/stress/scenario_05_noise_0.01.json,1697,c531dd55030055d23dee7323fddc7738fdeb54146c92211695b39f936785380c
config/stress/scenario_06_noise_0.03.json,1697,aa30cbc1883857bf518ccfdbbcb716a6c17658ca651ec1d6227717ec7243705b
config/stress/scenario_07_noise_0.05.json,1697,0cd7d0fd44fc43558b50b4b5657c77ce8d3f6cb5bfeb563b4a333991a7e086db
config/stress/scenario_08_noise_0.08.json,1697,a65fc1d7d2dc59d839a22daeea726c1b70be75cfd16c18370fda9230f27195af
config/stress/scenario_09_bound_0.55.json,1661,642f285139e98e79fc1bb94892d03729a3f6cb8573365eaa7f870c1c5d175b25
config/stress/scenario_10_bound_0.60.json,1658,00b83f0c045d4e2b5147042422554aa0f7af827a0cc127c917863024f8f955b3
config/stress/scenario_11_bound_0.70.json,1658,cc0d077cc3ae473076144d7e462ec72e25478373acf94264e85e221f1517513a
config/stress/scenario_12_bound_0.80.json,1658,31ac31b52ebb519dd3dcde68500e95228187a8ec33006c4e5fe58b39291908fd
config/stress/scenario_13_joint_g1.10_n0.03.json,1862,2cfa38927af346efd6488ad3f5ee405b53883d4f7dfc9109c7e31998a9728ae7
config/stress/scenario_14_joint_g1.10_n0.05.json,1862,a635a4010c671e52de182a0eb31f602836dfbaad0af3202b002b75b009e524ad
config/stress/scenario_15_joint_g1.20_n0.03.json,1862,0676a8fd3979b6bd27193468544baac87083ea44ad4f99fa133c49d830ff82c3
config/stress/scenario_16_joint_g1.20_n0.05.json,1862,726fbe219753420557987e0f29dbd33e883cde79664b1c98ddf05c69804e316c
config/stress/scenario_17_joint_g1.35_n0.05.json,1865,3389a97a6a8dae97a5ada513c42050223fbfa2a7617bf5f9ca327dd2db368920
config/stress/scenario_18_joint_g1.35_n0.08.json,1865,e83f2b3003ac5da8fb2092a0062cd806443fc8881eef9262883c4ba067a5956b
config/stress/scenario_19_joint_g0.90_n0.03.json,1862,df8be488eb6476db9f232875eba8e887a77985eb98750e574e9c6c127fd5349b
config/stress/scenario_20_joint_g0.90_n0.05.json,1862,3f1af07039c194b5fb3e32d5fb28c8931964b35c35a8b54310532d2b1045e301
config/stress/scenario_manifest.json,4004,f93bd6b0940dd44ecb382a4e56cfc3a9dccf2151b1262615e19ae0c32cd69049
DATA1_LOCKING.md,6679,daceea8b8e33a8340b140b0595f0eeb0ced30fa6d9bcba5a7e95b1b35359db9e
DATA_ACCESS.md,1741,6e4b52f67cd6c40e3981e721f1f987a80a650622e2bc96b01195ee9e1eafd83c
data_map/production_batch_map.csv,3713,3591adb2c0c10213902e5ab2a077a7ab7a134cf882dc7764091c40729d7f93f4
figures/Figure_1.png,483455,0b495e90ea5b55501d5dac975e55946239f563124764c7e0ebc814a63cd72327
figures/Figure_1.svg,111172,12e2d03941ff2805b36b6625d38e417954407436c1b71efcb3652941a64f64a3
figures/Figure_2.png,533555,a898d6312302f532b0de802f5d7d1a9836aeb0e79ea2b59c29131e401e8203b1
figures/Figure_3.png,112399,14f7a7cb6d88f55c17712b8f921942425293d203f2119224e3fb740f7567118a
figures/Figure_4.png,176915,207a19e1305a3f607341ae119758b15f50d3c19a4723d1067f63ecec7dd3c9d5
figures/Figure_4.svg,76749,bb36ec1a3edc8b3ba0af59af888bec19feb7b58269605506bd1e45e96bfdea0b
figures/Figure_S1.png,103801,791fdd14450dc523fbb436830a903e2acf8b0fe38d417204b9bbd1c15ae12590
figures/Figure_S2.png,207993,3282ee5ef3b719dc96b03cedc02948fed0d3fd395346ec338548b3c36ad84e70
figures/Figure_S3.png,174243,a0cbe65bdb9b3f2d55795610033010f8d3555eed5bb8b8c654adb8ae97e96297
figures/Figure_S3.svg,103332,010f70d71e19b55c7545eaa1592b5205661692027488e19b0b665ac2c65f1905
models/final_thickness_model.pt,20849,7cd67420191e291e9afc2d588d36f7fd9cb7ed21b2fcda46b40277a04ed770f3
PROVENANCE_LIMITATIONS.txt,6067,42ff981630604151f1192bc4f2d24df39fb6a3cdbc480ff3026fe5834e2adfb9
README.md,17263,da9854df8c0df62f46ef6b878f5de860c7ce103c2feeb21563c43e07854a036f
requirements.txt,101,ffe3ff8c47c9dfa5716690d459d7ba752651d46bf9171bad182c2ef2e6d215fe
results/batch_clustered_bootstrap.csv,2014,dcaaf1e4c4ca331936c3175d96924285821641268c2bc22c01c8a729b2efb707
results/bootstrap_non_dominated_probability.csv,172,1b775eb934c7ac629a149b19cd920b56b850bfd850b5a438dfaa71dd38800de8
results/canonical_episode_condition_weighted.csv,315,838f0e28ea136d7d6dba91adcf7ef12d38fe1d9b0c708c79e751529e1e5567ed
results/canonical_nominal_condition_weighted.csv,1124,aa1bfbd954b6ddcd7d675469968d17e4f45ca80691d15b5c921310d4654985cc
results/canonical_nominal_pass_metrics.csv,113041,cfe97707d4334b11b25f277e53582c1a9aaa217cff894201ce4f0964b88a5625
results/canonical_relative_effects.csv,2236,fbaf2723a4366cfa64c1776643947342ad410fbd8c2cf0f0249de14e31ef6fd4
results/claim_source_index.csv,4751,e1936ac3aa4ac08664aa1d86927a07b987eee29390c31632fb5a78058a62a169
results/command_innovation_energy_audit.csv,1209,d32e60622b64cf4ac60c7a436ffb7ff96765fee1ed657a8a247e63a93f640785
results/condition_level_effects.csv,5961,b2ff09f1c83329ae89b69995118a11ff6128e20c389be857dc90d46edd6df1d4
results/coverage_sensitivity_hard_checks.json,631,8ebb7e69d7cec203249a65138ac7fac184180ccd4abf4e51570d46db8905ee91
results/data1_scale_lock_application.csv,7130,aa9ebbd5b7edad5bf42c5a8b06a796edd605b197be98c73ede541c18af9f89c5
results/data1_scale_lock_catalog.csv,2582,899e81f72e9aa45963edca4ab7710e3783d0d797f291e5ece5679fa6edb0de60
results/data2_command_audit_summary.csv,2646,28d33f8a77703b77c9a475cb37f85b940215732d46df88a1363dc05c180779aa
results/data2_leave_one_batch_out.csv,4475,6cacabb1a2994c6c96d57805442df68698fc4c8e43482511d17319c985043e52
results/expanded_batch_relative_effects.csv,1557,62ccc12bea10da0c4cade5f45b7fd40f84233f429a58c08dce3ac2b442b07114
results/expanded_batch_weighted_absolute.csv,2164,dc0f9b5ff8baae3aa38cabb1071489176bc76d0e28236eadfe22dc08586ce8a6
results/farch_forward_audit.json,29569,d140fb66e0b5a377de342b08288989a13037161baff6c165d2e753d2d3b8e34e
results/farch_forward_by_pass.csv,113442,5cb6030f60b45838832d61893215f96b88bd284b62c9868dfda17b85b270d91e
results/farch_forward_by_pass_segment.csv,159107,281918a099b8d8602cfd003f403861bd56789007f489817278245aa6b204178e
results/farch_forward_summary.csv,20373,7e391715b187d885cf262ff5c94e4883809a3072c4bf3b02fb7a3338527a3a93
results/farch_recorded_envelope_occupancy.csv,21507,378ba70cba22974a851bf32a404c454d7b8633ba03cf439a5f0eb9c529ae98ff
results/farch_recorded_envelope_occupancy_by_pass.csv,111926,642bc6afdc9203b5c74b1a8855405f8a338007bbc7223b87c43aa8ed59e182b0
results/farch_recorded_envelopes.csv,17785,0ec132c464dbe9dde938d2d7048884d70b790bb86eb575531ba8d9bc4ba402df
results/fault_diagnostic_confusion_matrix.csv,284,e46e08f54ba5ed319b435db2bc7e4d8f21d726e46b9a12c06d0fee1699e553e6
results/fault_diagnostic_summary.csv,307,9d428c007d748c958478e3ab8cce764efa3a652b6ef0b07ab704ecb04f316ff4
results/fault_event_log.csv,75910,2b921628c35920754868eb3397af82d5de0b25998a292d8769996d152c6c3311
results/fixed_dt_vs_segment_local_dt.csv,3359,faf660480b4679bd30542865fe95e2bd9a8748c128d288f08990412a3777cc64
results/leave_one_condition_out.csv,1393,9a8dd95b76b609da28c5b51d914f96eef7ec26ba6ebb9c8db9f00c557b75a5e4
results/local_opcua_loopback_results.json,599,0249ad65c1325146a1fd7759c5e14de087b26a9aa890a3ca4311bbd5be95f948
results/locked_controller_settings.csv,1139,1fca44e6f6849570c9dcd5107628d63d246507aa6aefce0ed112cb15e027f4b6
results/maturity_headroom_summary.csv,1501,051ce1565f4fef77d345f3d5e6c162a984de3507ddf64d50998a0d24670934a7
results/opcua_loopback_summary.csv,144,0a0b9515c1e9edaeda9520be545da044727569cd640dce2d48c44e251e2cf6d9
results/output_guardrail_activation_by_condition.csv,6741,3aceff70a89a14abe5e7051a1d4884b10edf3af94ecd041cb9c8c7cbb003f91f
results/output_guardrail_activation_by_segment.csv,3403,e4bd963f30fb998f8fbaaf2d506fd584dd172e7a1c886995ff93aa04f595f437
results/output_guardrail_activation_summary.csv,1432,a432663337d8f75557fada200aa46583ee4ee96fece3888cb2e67bd54b712745
results/paired_effect_bootstrap.csv,2698,d3cccbeba34d65fb5c0105bdfc838e48c1bd558f3872e47ae665c0a21f08fcd9
results/pid_full_grid.csv,352138,772f103402fd5966d7ce20d238fb46855492001e6068be10b999ceb0402d12c1
results/pid_locked_params.json,245,c70893b4269db4a42bf720217ef7975f9fa478e198c4b9c1e0dd0592f5b1891b
results/pid_selection_audit.json,21954,76eeb647b7ac6323e4458b08a198937a7afc349a9a909ed92bfa927e38794623
results/prediction_horizon_audit.json,759,7972f8d537852bf3bd5f8b3dfb5f6bed0e9054209cba8b2a9023e0d035147e9b
results/predictor_lopo_one_se_summary.csv,2035,e62a19adf71b65af912dae25b4e86be36b8357940271dbf28fb3bfa2e26f9d2e
results/predictor_timeline_audit.json,689,5b345f0e2faf66b538352a8944e8afaafaf06d90bb0d40696a9d803de30a6d63
results/predictor_training_provenance_audit.json,3087,faf6969b79800cf73f9590b8250d4e7de1526eca2c0aa8e616c4af928fa3b350
results/public_statistics_audit.json,14830,0ceea09bf0a319ee0fcc663bad6de98a73f14cda540c4d64645cd281c74320de
results/recorded_band_decomposition_audit.json,1596,4582703f9f78bd7de48af83348e5390c0b5379abb0450630a021a7a16a5ee4a2
results/recorded_band_decomposition_by_condition.csv,12384,c1cfc6d3fae25fa53b1a1870fe50535ac3a70c1296715d23e9c65e845b7b16cb
results/recorded_band_decomposition_by_file.csv,14776,1587cd28df01b4762ca2fcae8098f5e29f4d5c7659f6b60f14d5757f65ab3e41
results/recorded_band_decomposition_summary.csv,2080,0b85ec365baf0f1a3ab3d1706f9a9c57a052f7b38503a56732431470fa3c8cb8
results/recorded_band_guardrail_row_composition.csv,17295,f7584f3e761129bf84257a585be3ac8f4abbd974f89e5febf9a244683444a0bb
results/reference_corridor_coverage_sensitivity.csv,1304,a2673cbc5893164754ef39fe95961260bb1a4123a2879c510270bc0daface2fd
results/reference_corridor_phase_envelopes.csv,649,197fbffd5afd5b6b8552ef44453d8e317230b30f6b9fa2a273d633b68af220e8
results/reference_corridor_policy_effects.csv,1635,441c954c3c7d375d89864b1fc36aaf279fa40d0c2145a16bcce2698cb3b459c9
results/repeat_sequence_extension_metrics.csv,5701,23fb359f8478041a12ca58cc75d601e5e97b2cbf47aee746425994c13f4333e9
results/replay_flatness_distribution_audit.json,1099,3148269e768dacf1e93c72c5fb62304cd030392d7a0b0f6091d11bfe16f99ba7
results/replay_flatness_distribution_stratified.csv,45641,19476cd66b0c80bb8df1957184db74978e9eef88d659e6d17d49c8a91fb740a8
results/replay_flatness_distribution_summary.csv,2281,8066bf7054859fc4b85dc10dfbc9f2ad1ab97473b09078f10b45a1e745396039
results/response_family_condition_weighted.csv,2956,1ed53e3e7c357b2801818300f4025b2184798b9d8071deee0a8e4aa9dde988fa
results/response_family_effects.csv,3770,28724acd099ffb8cc507dd70ddeab60ba31e38b93056d3eecd7ac0e4f3df2140
results/seed_sensitivity_summary.csv,1147,54c18114ef22bfa00c102c38c97f4db90dd7e4f86a51493ca921e736b6e1245d
results/source_sequence_relocking_nominal_summary.csv,8418,2cdf50c929e2edc4ce1b56b9b1f738fcdabf7ce0ea862dbd9588fac70ddfc517
results/source_sequence_relocking_selected_configs.csv,2366,90651b556f4bd2e7769d5da6442ee4e945406e29e8927a9876480a0d904ac52c
results/stress_clustered_effects.csv,16386,25d4705b5f56f572601f245356ea425f2fdbaaf241a4e64b4d33a7ad8e8f39d1
results/strict_c7_component_ablation.csv,428,eee4a37e39e2a52ee4e1270f5e3cc7f3679f33fe7b55ead956b7ec54661bd756
results/supported_motion_audit.json,18936,1046aa88d5c5b7861e76eb744b189cad6fd028d5f2589b4e4b94df98a7e12f80
results/Table_S12_rate_sensitivity.csv,1499,7d428a3a82be76bd2e34f4ac17dbe09fc24275a967c929b6bcc20b1d42295363
results/Table_S12_rate_sensitivity_anchor_audit.json,867,f19658fce25edbf0576e727ca71a6e7d47cb510838723e594811197d7696ea7a
results/Table_S12a_amplitude_quality.csv,1467,68adb1240a977770a95a34da6c5307b27fd6bd3bb4c2e69314cbb434ec45f1c0
results/Table_S12b_amplitude_channels.csv,1284,9d4687fff846580a094b8ef28170605692fe2f09aac128bffa77af70d60ed102
results/Table_S12c_anti_windup.csv,817,dbb0986a435eae12dc77bb84030372e0250d5561166af6ab84748e6a50d93c37
results/Table_S12d_state_guardrail.csv,1418,41a49fdfd834010ca0671300d4adc50b35c5d2822ea1babf7201c7c9057f6f31
results/time_protocol_numeric_QA.csv,5975,3e6234ea74734081cca355165c7e731fc66fbc12cd11f45ac4b401ef9cb2a051
SUBMISSION_VERSION.md,2566,582ce802e4dde7fa42bacf1c3cd2a7c8bf0f47a0b6c367eda95edcc75e8c4a75
tests/test_predictor_timeline.py,9067,c213626eda0287c9867a740194f2e4d160178ddd996da48d22cf9bd62ae11efd
tests/test_supported_command_motion.py,11210,925fc9fae9df47a97d5d18a00d553311dbffa5ba2f9d48668fca04fe238cb9f1
tests/test_tail_statistics.py,3891,07c2f7f7284859f528749dc94ec5f0b88fe1bafa10111487efaee3f0489cb82e
TRAINING_AUDIT.md,3732,d8c524f21dc187b19bcdb5dbc1ffe1fb2350d5b77fc52ac28f273f0bddd4dcd8
verify_results.py,38921,309c5f74c9de955ee046044771c2cd977870d8368a7000064b933d57056dfb1a
