"pass_id","batch","source","role","transition","rows","sha256","analysis_condition"
"P01","I","Data1","data1_source","0.350->0.215","867","0df03ed66c99138c2314d5dfc8d60edf92e53b3ffddc63c8b4ba0725dbf0f468","0.350->0.215"
"P02","I","Data1","data1_source","0.215->0.163","1125","050bca52b489b4ac1a932a9729ed684d0ee84b3f836514abb30e6ccc01311c2c","0.215->0.163"
"P03","I","Data1","data1_source","0.163->0.126","1459","c63dbf2e5f3db6939eacdf4c870ad3f2bbc39b4e04d8e7722907a3bdee1dff67","0.163->0.126"
"P04","I","Data1","data1_source","0.126->0.098","1865","63253be54339ab59258d5bb328cbd7921fd3de8018bb4fa29a6aefb7d25775b3","0.126->0.098"
"P05","II","Data2","canonical_data2","1.000->0.628","385","67b038c41f9002665be3f77f26b4fce7a62c44ffc403a368413cd8ba7edaf9e8","1.000->0.628"
"P06","II","Data2","canonical_data2","0.628->0.458","47","3a53bfa33d82d9179d65d8fc9ed6d807b60d4dc2ddbed18fc590d52d8657ca70","0.628->0.458 acceleration"
"P07","II","Data2","canonical_data2","0.628->0.458","431","f0072cc6630c63a71114f4db4e62d4a95f6f4eb9a4a5f157f37baa932cc1d6f6","0.628->0.458"
"P08","III","Data2","canonical_data2","0.320->0.215","775","e6936beb6f547d223a03a3ac64b5ebe62371a39f88e6324d1f07a5b00f812f04","0.320->0.215"
"P09","III","Data2","repeat_extension","0.215->0.163","998","101f93028c0ef023a403413afcb8f77c43e3fba2b5ef3b2931c24d369eb63ad1","0.215->0.163"
"P10","III","Data2","repeat_extension","0.163->0.126","1299","17eef3b50ef758562cba4702be937266fa5e265bede00f0e5d011697a4bc90bd","0.163->0.126"
"P11","III","Data2","repeat_extension","0.126->0.098","1647","fa6e51409bc717c184f8b1bb3acde02c1a51f6150130dabb416f857dab225435","0.126->0.098"
"P12","IV","Data1","data1_source","0.098->0.069","1387","c2b4640eaa1a33449835fc904c6d5bc666fb787aa3b95e76935aff1698b87030","0.098->0.069"
"P13","IV","Data1","data1_source","0.069->0.052","1766","fd6c32ab6f19ef83f08cff621e38399d3b9b39cdc80cc59b808de37b9b08d720","0.069->0.052"
"P14","IV","Data1","data1_source","0.052->0.040","2155","52a0fea1da208ec43a702e6878c3c4ac64fdbb00f19128018600b52c58211838","0.052->0.040"
"P15","V","Data2","canonical_data2","0.044->0.035","337","74a416459ba173f4106ebf9e39a9d9e62988e5667d379b4cacf73ccc2d7d0799","0.044->0.035"
"P16","V","Data2","canonical_data2","0.044->0.035","755","733c79dbf7b838baaf30e373e279ffda6024f5f8ec72ba665ee8c435f0b67228","0.044->0.035"
"P17","VI","Data2","canonical_data2","0.080->0.063","783","744f80ed04993c650c01251eaa76f11b50c3eb98bdf7bfa90da855d033605481","0.080->0.063"
"P18","VI","Data2","canonical_data2","0.063->0.050","922","4d7582141f3ed8bc65c59e1e2ed92ee5760820865c803b6380620a48d62dc207","0.063->0.050"
"P19","VI","Data2","canonical_data2","0.050->0.040","493","bb63c949dfb72c0adc9505d102fd8b177c6b4c98f4955aea175ed5ae5d6e5e88","0.050->0.040"
"P20","VI","Data2","canonical_data2","0.050->0.040","585","e715cdb89fd121cb6544e3ae26fc6c582060410b38363d2f717aedca5876a350","0.050->0.040"
"P21","VII","Data1","data1_source","1.500->1.120","337","f95543f66ae0709d8e254efc8b34f8d40cee223a0ac96e44133987bef3343900","1.500->1.120"
"P22","VII","Data1","data1_source","1.120->0.860","433","bd0c1037284d0e5ab4607cf72db550ac4a28f0fe23c62998b03ba2a70a7d1319","1.120->0.860"
"P23","VII","Data1","data1_source","0.860->0.669","560","de72e671a1bfa0b570e443fbad714e44f07df0ab59eb78a3a6da444b22514917","0.860->0.669"
"P24","VII","Data1","data1_source","0.669->0.531","702","b795d3422be529f0c43bb99f0895320ef38f63e51231629072d4392c4ffcaf30","0.669->0.531"
"P25","VII","Data1","data1_source","0.531->0.427","879","5fd0ce0934116bfd44d3ef4ac4f4bd00949a33786cb004972ae9fc516530554b","0.531->0.427"
"P26","VII","Data1","data1_source","0.427->0.350","1070","2019dde23b9f8f84746972c0f5e371064fc10fb7dbd1b07e5d6da780e5221465","0.427->0.350"
