source_id,claim,product,relative_path,sha256
R01,No global fixed sampling period,Time-protocol QA,results/time_protocol_numeric_QA.csv,3e6234ea74734081cca355165c7e731fc66fbc12cd11f45ac4b401ef9cb2a051
R02,Data1-only scale provenance,Data1 scale lock and catalogue,config/data1_scale_lock.json,c1d56ca44f53cf44db93fd92fa35fbab465fcac43a63c98b86f24d92b0aae545
R02,Data1-only scale provenance,Data1 scale lock and catalogue,results/data1_scale_lock_catalog.csv,899e81f72e9aa45963edca4ab7710e3783d0d797f291e5ece5679fa6edb0de60
R02,Data1-only scale provenance,Data1 scale lock and catalogue,results/data1_scale_lock_application.csv,aa9ebbd5b7edad5bf42c5a8b06a796edd605b197be98c73ede541c18af9f89c5
R03,Point-estimate non-dominated set,Nominal policy metrics,results/canonical_nominal_condition_weighted.csv,aa1bfbd954b6ddcd7d675469968d17e4f45ca80691d15b5c921310d4654985cc
R04,Lower/upper recorded-band decomposition,Recorded-band branch decompositions,results/recorded_band_decomposition_by_file.csv,1587cd28df01b4762ca2fcae8098f5e29f4d5c7659f6b60f14d5757f65ab3e41
R04,Lower/upper recorded-band decomposition,Recorded-band branch decompositions,results/recorded_band_decomposition_by_condition.csv,c1cfc6d3fae25fa53b1a1870fe50535ac3a70c1296715d23e9c65e845b7b16cb
R04,Lower/upper recorded-band decomposition,Recorded-band branch decompositions,results/recorded_band_decomposition_summary.csv,0b85ec365baf0f1a3ab3d1706f9a9c57a052f7b38503a56732431470fa3c8cb8
R05,Non-dominance uncertainty,Non-dominance bootstrap,results/bootstrap_non_dominated_probability.csv,1b775eb934c7ac629a149b19cd920b56b850bfd850b5a438dfaa71dd38800de8
R06,C7-Core recorded-band-distance direction across response family,Response-family contrasts,results/response_family_effects.csv,28724acd099ffb8cc507dd70ddeab60ba31e38b93056d3eecd7ac0e4f3df2140
R07,Amplitude-rate shell interaction,Rate and amplitude sensitivities,results/Table_S12_rate_sensitivity.csv,7d428a3a82be76bd2e34f4ac17dbe09fc24275a967c929b6bcc20b1d42295363
R07,Amplitude-rate shell interaction,Rate and amplitude sensitivities,results/Table_S12a_amplitude_quality.csv,68adb1240a977770a95a34da6c5307b27fd6bd3bb4c2e69314cbb434ec45f1c0
R08,Implementation sensitivity,Implementation sensitivities,results/Table_S12c_anti_windup.csv,dbb0986a435eae12dc77bb84030372e0250d5561166af6ab84748e6a50d93c37
R08,Implementation sensitivity,Implementation sensitivities,results/Table_S12d_state_guardrail.csv,41a49fdfd834010ca0671300d4adc50b35c5d2822ea1babf7201c7c9057f6f31
R09,Forward response-law discrepancy,Forward-law discrepancy,results/farch_forward_summary.csv,7e391715b187d885cf262ff5c94e4883809a3072c4bf3b02fb7a3338527a3a93
R09,Forward response-law discrepancy,Forward-law discrepancy,results/farch_recorded_envelope_occupancy.csv,378ba70cba22974a851bf32a404c454d7b8633ba03cf439a5f0eb9c529ae98ff
R09,Forward response-law discrepancy,Forward-law discrepancy,results/farch_forward_audit.json,d140fb66e0b5a377de342b08288989a13037161baff6c165d2e753d2d3b8e34e
R10,Recorded--replay distribution comparison,Recorded/replay distributions,results/replay_flatness_distribution_summary.csv,8066bf7054859fc4b85dc10dfbc9f2ad1ab97473b09078f10b45a1e745396039
R10,Recorded--replay distribution comparison,Recorded/replay distributions,results/replay_flatness_distribution_stratified.csv,19476cd66b0c80bb8df1957184db74978e9eef88d659e6d17d49c8a91fb740a8
R11,Guardrail activation ledger,Guardrail activation ledger,results/output_guardrail_activation_summary.csv,a432663337d8f75557fada200aa46583ee4ee96fece3888cb2e67bd54b712745
R11,Guardrail activation ledger,Guardrail activation ledger,results/output_guardrail_activation_by_condition.csv,3aceff70a89a14abe5e7051a1d4884b10edf3af94ecd041cb9c8c7cbb003f91f
R11,Guardrail activation ledger,Guardrail activation ledger,results/output_guardrail_activation_by_segment.csv,e4bd963f30fb998f8fbaaf2d506fd584dd172e7a1c886995ff93aa04f595f437
R11,Guardrail activation ledger,Guardrail activation ledger,results/recorded_band_guardrail_row_composition.csv,f7584f3e761129bf84257a585be3ac8f4abbd974f89e5febf9a244683444a0bb
R12,Strict C7 component ablation,Strict component ablation,results/strict_c7_component_ablation.csv,eee4a37e39e2a52ee4e1270f5e3cc7f3679f33fe7b55ead956b7ec54661bd756
R13,Bounded tested fault handling,Fault diagnostics,results/fault_diagnostic_summary.csv,9d428c007d748c958478e3ab8cce764efa3a652b6ef0b07ab704ecb04f316ff4
R14,Segment-local gap separation,Gap and fixed-period diagnostics,results/time_protocol_numeric_QA.csv,3e6234ea74734081cca355165c7e731fc66fbc12cd11f45ac4b401ef9cb2a051
R14,Segment-local gap separation,Gap and fixed-period diagnostics,results/fixed_dt_vs_segment_local_dt.csv,faf660480b4679bd30542865fe95e2bd9a8748c128d288f08990412a3777cc64
