omitted_batch,retained_batches,comparison,metric,c7,baseline,relative_effect_pct,non_dominated_set,aggregation
II,III;V;VI,C7 vs PID,S_excess_mean,0.4554974748340816,0.6927260131292458,-34.24565178713783,C2;C7;OC-PID;PID,equal retained batch
II,III;V;VI,C7 vs PID,S_excess_cvar95,1.1569794764675787,1.4090400731969825,-17.88881675717721,C2;C7;OC-PID;PID,equal retained batch
II,III;V;VI,C7 vs PID,composite_normalized_RMS,2.0163620392642745,1.9714577610001536,2.277719520672876,C2;C7;OC-PID;PID,equal retained batch
II,III;V;VI,C7 vs PID,TV_L_per_100m,10.351031432816816,10.141489556678328,2.0661844097694817,C2;C7;OC-PID;PID,equal retained batch
II,III;V;VI,C7 vs OC-PID,S_excess_mean,0.4554974748340816,0.5403642253036255,-15.705471697697618,C2;C7;OC-PID;PID,equal retained batch
II,III;V;VI,C7 vs OC-PID,S_excess_cvar95,1.1569794764675787,1.3359823307267094,-13.39859443812867,C2;C7;OC-PID;PID,equal retained batch
II,III;V;VI,C7 vs OC-PID,composite_normalized_RMS,2.0163620392642745,2.001153956675278,0.759965645734882,C2;C7;OC-PID;PID,equal retained batch
II,III;V;VI,C7 vs OC-PID,TV_L_per_100m,10.351031432816816,8.960084516948188,15.523814683194374,C2;C7;OC-PID;PID,equal retained batch
III,II;V;VI,C7 vs PID,S_excess_mean,0.4243353268271853,0.6019581873815563,-29.507508042545027,C2;C7;OC-PID;PID,equal retained batch
III,II;V;VI,C7 vs PID,S_excess_cvar95,1.5677090299883574,1.753203297049848,-10.580305625344513,C2;C7;OC-PID;PID,equal retained batch
III,II;V;VI,C7 vs PID,composite_normalized_RMS,3.2128861837784464,3.1908439829547888,0.6907953175211674,C2;C7;OC-PID;PID,equal retained batch
III,II;V;VI,C7 vs PID,TV_L_per_100m,11.469911038517552,10.737142722237094,6.824611865900437,C2;C7;OC-PID;PID,equal retained batch
III,II;V;VI,C7 vs OC-PID,S_excess_mean,0.4243353268271853,0.4830512810034673,-12.15522170944425,C2;C7;OC-PID;PID,equal retained batch
III,II;V;VI,C7 vs OC-PID,S_excess_cvar95,1.5677090299883574,1.7262602746166422,-9.184666238322317,C2;C7;OC-PID;PID,equal retained batch
III,II;V;VI,C7 vs OC-PID,composite_normalized_RMS,3.2128861837784464,3.2110956968034814,0.05575937760893693,C2;C7;OC-PID;PID,equal retained batch
III,II;V;VI,C7 vs OC-PID,TV_L_per_100m,11.469911038517552,9.938186813178286,15.412511901146408,C2;C7;OC-PID;PID,equal retained batch
V,II;III;VI,C7 vs PID,S_excess_mean,0.4733725109145716,0.6126989403866157,-22.739786261769684,C2;C7;OC-PID;PID,equal retained batch
V,II;III;VI,C7 vs PID,S_excess_cvar95,1.5129182803352723,1.6745939242112993,-9.654617847259479,C2;C7;OC-PID;PID,equal retained batch
V,II;III;VI,C7 vs PID,composite_normalized_RMS,2.9115064105156017,2.8822342466123403,1.0156066925395348,C2;C7;OC-PID;PID,equal retained batch
V,II;III;VI,C7 vs PID,TV_L_per_100m,9.119259642356054,8.088016057758903,12.750266285733572,C2;C7;OC-PID;PID,equal retained batch
V,II;III;VI,C7 vs OC-PID,S_excess_mean,0.4733725109145716,0.5368318396505978,-11.82108139810211,C2;C7;OC-PID;PID,equal retained batch
V,II;III;VI,C7 vs OC-PID,S_excess_cvar95,1.5129182803352723,1.609637655939369,-6.008766957408946,C2;C7;OC-PID;PID,equal retained batch
V,II;III;VI,C7 vs OC-PID,composite_normalized_RMS,2.9115064105156017,2.905668753096266,0.2009058125815246,C2;C7;OC-PID;PID,equal retained batch
V,II;III;VI,C7 vs OC-PID,TV_L_per_100m,9.119259642356054,8.094409095191489,12.661215106775131,C2;C7;OC-PID;PID,equal retained batch
VI,II;III;V,C7 vs PID,S_excess_mean,0.46319172216435806,0.620655596362249,-25.370571879285254,C2;C7;OC-PID;PID,equal retained batch
VI,II;III;V,C7 vs PID,S_excess_cvar95,1.5459673509641927,1.7029186334854824,-9.21660491787835,C2;C7;OC-PID;PID,equal retained batch
VI,II;III;V,C7 vs PID,composite_normalized_RMS,2.959693958591847,2.935563309590023,0.8220108530104867,C2;C7;OC-PID;PID,equal retained batch
VI,II;III;V,C7 vs PID,TV_L_per_100m,9.795892798443024,9.378828598657918,4.446868768289318,C2;C7;OC-PID;PID,equal retained batch
VI,II;III;V,C7 vs OC-PID,S_excess_mean,0.46319172216435806,0.5073148208392669,-8.697380179414951,C2;C7;OC-PID;PID,equal retained batch
VI,II;III;V,C7 vs OC-PID,S_excess_cvar95,1.5459673509641927,1.648702439250072,-6.231269260001175,C2;C7;OC-PID;PID,equal retained batch
VI,II;III;V,C7 vs OC-PID,composite_normalized_RMS,2.959693958591847,2.958119211223084,0.05323475006647746,C2;C7;OC-PID;PID,equal retained batch
VI,II;III;V,C7 vs OC-PID,TV_L_per_100m,9.795892798443024,8.690939431765942,12.713854185180557,C2;C7;OC-PID;PID,equal retained batch
