pass_id,batch,source_sha256,entry_thickness_mm,exit_thickness_mm,rows,tension_scale,thickness_scale,flatness_scale,rollforce_scale,radial_scale,offcenter_scale
P01,I,0df03ed66c99138c2314d5dfc8d60edf92e53b3ffddc63c8b4ba0725dbf0f468,0.35,0.215,867,0.3142157228777722,2.466873227646962,6.792301843598452,25.0,14.185598711404117,0.15319990116135498
P02,I,050bca52b489b4ac1a932a9729ed684d0ee84b3f836514abb30e6ccc01311c2c,0.215,0.163,1125,0.21011096057381207,1.5937203000000784,8.090091693970557,25.0,10.0,0.12467533909669225
P03,I,c63dbf2e5f3db6939eacdf4c870ad3f2bbc39b4e04d8e7722907a3bdee1dff67,0.163,0.126,1459,0.22988294707182627,1.347055271092152,3.745639612881838,25.0,10.0,0.11489453951100821
P04,I,63253be54339ab59258d5bb328cbd7921fd3de8018bb4fa29a6aefb7d25775b3,0.126,0.098,1865,0.18479330102704458,1.1694940370142568,7.504137039109686,25.4854985174203,10.0,0.10077715642667724
P12,IV,c2b4640eaa1a33449835fc904c6d5bc666fb787aa3b95e76935aff1698b87030,0.098,0.069,1387,0.07500000000000001,0.7981350844456719,3.5694283409157674,25.0,10.0,0.06290013563071362
P13,IV,fd6c32ab6f19ef83f08cff621e38399d3b9b39cdc80cc59b808de37b9b08d720,0.069,0.052,1766,0.07500000000000001,0.7290938591704343,3.667487550228426,36.919419786509195,10.0,0.056630045842736745
P14,IV,52a0fea1da208ec43a702e6878c3c4ac64fdbb00f19128018600b52c58211838,0.052,0.04,2155,0.07500000000000001,0.6363648029843083,7.1375989716280515,25.0,10.0,0.07446679410269766
P21,VII,f95543f66ae0709d8e254efc8b34f8d40cee223a0ac96e44133987bef3343900,1.5,1.12,337,0.2857011625470274,14.402816850735055,2.1338961983049556,37.54254487722677,49.966231873479025,0.11765746896416104
P22,VII,bd0c1037284d0e5ab4607cf72db550ac4a28f0fe23c62998b03ba2a70a7d1319,1.12,0.86,433,0.3683462890393386,5.105470915257072,2.571951646433596,25.0,18.02017955687336,0.18426736370936125
P23,VII,de72e671a1bfa0b570e443fbad714e44f07df0ab59eb78a3a6da444b22514917,0.86,0.669,560,0.41869122995119634,6.286490880405287,1.2747041927991665,25.0,23.200868956428593,0.14227325916035305
P24,VII,b795d3422be529f0c43bb99f0895320ef38f63e51231629072d4392c4ffcaf30,0.669,0.531,702,0.4432175674654095,6.848451606737911,1.3542704909231489,25.0,15.564559695877419,0.1418905272402376
P25,VII,5fd0ce0934116bfd44d3ef4ac4f4bd00949a33786cb004972ae9fc516530554b,0.531,0.427,879,0.3980806547750853,5.9827453908024975,1.515062601861588,25.0,10.581525965248119,0.13087925401827916
P26,VII,2019dde23b9f8f84746972c0f5e371064fc10fb7dbd1b07e5d6da780e5221465,0.427,0.35,1070,0.6354906335107814,8.919018104759745,1.4259132474464242,25.0,10.064585505961889,0.15814183345688398
