aggregation,guardrail_label,guardrail_scale,horizon_updates,channel,n_origins,n_passes,n_segments,discrepancy_mean,mae,rmse,discrepancy_norm_mean,mae_norm,rmse_norm,median_abs_discrepancy_norm,p95_abs_discrepancy_norm,max_abs_discrepancy_norm,correlation_norm,r2_norm,guardrail_trajectory_activation_rate,guardrail_any_channel_trajectory_activation_rate,guardrail_step_channel_activation_rate,eight_scale_boundary_crossing_rate,prediction_guardrail_occupancy_p95,prediction_guardrail_occupancy_max,prediction_beyond_8scale_rate,recorded_target_guardrail_occupancy_p95,recorded_target_guardrail_occupancy_max,recorded_target_beyond_8scale_rate
pooled_origins,infinite,inf,1,S,14584,13,21,1.9331022662840105,1.9339351215806078,2.199009739376312,0.5697501676836694,0.5699386755263591,0.7005490541273857,0.43526501212513896,1.3241399196469865,2.736972715184387,0.9961377506573302,0.8107365262842671,,,,0.00041140976412506856,0.5870480192708452,1.2030743914531443,0.00041140976412506856,0.7528176268214677,1.4037016206047586,0.0017827756445419638
pooled_origins,infinite,inf,1,T,14584,13,21,0.43011292828601605,0.43021852023293017,0.5983652853181326,1.8402964034967462,1.8405964424400223,2.064111815255383,1.9097124350416403,3.400268967641363,7.324852581685365,0.9960137173567312,0.73008130506932,,,,0.09722984092155787,1.636466438951262,2.982317503434064,0.09722984092155787,2.1406379205727335,3.651197189659075,0.5594487109160724
pooled_origins,infinite,inf,1,h,14584,13,21,-0.12176807984720228,0.9300775598014827,2.4635930822255014,-0.038209292061055264,0.4478105773467426,0.6613407936177652,0.32238227490488225,1.225896309718057,17.76362693404728,0.4301029151682872,0.11515717981614904,,,,0.00013713658804168953,0.08347214183667909,1.7424960271859338,0.00013713658804168953,0.14386698747653986,1.664449461985068,0.0006856829402084476
pooled_origins,infinite,inf,5,S,14500,13,19,5.256624109707441,5.256624109707441,5.924716551731647,1.5547689798153659,1.5547689798153659,1.9073472050244948,1.1635881981024885,3.564491416999963,5.901685833439399,0.9490165524809482,-0.42375211743675223,,,,0.00041379310344827585,0.29211297830773825,0.6588500260135673,0.0,0.7472631766605188,1.123274344231173,0.001310344827586207
pooled_origins,infinite,inf,5,T,14500,13,19,1.234023001694395,1.234023001694395,1.7017980828328945,5.267140832846982,5.267140832846982,5.87361706826378,5.482550797065564,9.570749570422327,19.383390894279117,0.9679466748290626,-1.192456446728373,,,,0.09668965517241379,0.7036143035745936,1.55887917153083,0.02413793103448276,2.1401268068081647,3.651197189659075,0.5587586206896552
pooled_origins,infinite,inf,5,h,14500,13,19,-0.28089061129550186,0.9384377343388463,2.517608790535063,-0.09869420920868774,0.4199417074536768,0.621917835157811,0.30516788980501186,1.150202513978435,13.383173572478938,0.1800442490377323,-0.02152605879784808,,,,6.896551724137931e-05,0.04211075486889314,0.8835936008994077,0.0,0.14004318532810153,1.664449461985068,0.00041379310344827585
pooled_origins,infinite,inf,10,S,14413,13,17,6.843912956530003,6.843912956530003,7.696382990312228,2.0176225882006458,2.0176225882006458,2.4684613063056595,1.5040722848703645,4.6264316686691265,7.014591721819854,0.7803996148786811,-1.4066867285501758,,,,0.00041629084853951295,0.15465440151020002,0.34338153092841467,0.0,0.7366756948989055,1.123274344231173,0.001248872545618539
pooled_origins,infinite,inf,10,T,14413,13,17,1.6397818646338564,1.6397818646338564,2.2612401568939795,6.988887764494711,6.988887764494711,7.794069491446349,7.250934081657218,13.684607440051481,25.227274621764384,0.8924367469082964,-2.8823209497599542,,,,0.09588565878026781,0.24419065734449621,0.7498385056106963,0.0,2.1356851864755924,3.651197189659075,0.5578991188510373
pooled_origins,infinite,inf,10,h,14413,13,17,-0.3405536578467796,0.9292393381772077,2.2514091311455524,-0.11734109951539959,0.4174889350487748,0.6085413932428643,0.30871019651317455,1.1292781926986466,13.18567436722383,0.08931326511427362,-0.03288191177221833,,,,6.938180808991882e-05,0.023721957568514113,0.37867125619110825,0.0,0.1377012030628974,1.664449461985068,0.00041629084853951295
pooled_origins,infinite,inf,20,S,14267,13,14,8.141673584632738,8.141673584632738,9.038929133105425,2.3406155349926787,2.3406155349926787,2.8032712748061455,1.7746074239871719,5.17551985906408,7.981560568064688,0.3411652215237411,-2.157302071028378,,,,0.0004205509217074367,0.08604787415636866,0.15150227684966167,0.0,0.7269079734841872,1.123274344231173,0.0012616527651223102
pooled_origins,infinite,inf,20,T,14267,13,14,1.8291418677183722,1.8291418677183722,2.5262012052787735,7.795650526257176,7.795650526257176,8.698515468107109,8.063814292428441,16.372060041101914,28.102574056096536,0.6650740858082012,-3.9002772564448085,,,,0.09406322282189669,0.03979462000062959,0.18525943309599152,0.0,2.1158820880917597,3.651197189659075,0.5572299712623536
pooled_origins,infinite,inf,20,h,14267,13,14,-0.19146274954955173,0.8611948209350919,2.1408136070856005,-0.0556020812666887,0.40291341169953265,0.5925250142648681,0.2938933501956117,1.0916591462353624,13.111453363866614,0.04967072232448337,-0.006406592596620797,,,,7.009182028457279e-05,0.010852919801253977,0.07209202654610623,0.0,0.1361837591071788,1.664449461985068,0.0004205509217074367
pooled_origins,scale_8,8.0,1,S,14584,13,21,1.9335698263468533,1.9344026816434505,2.1996054008973367,0.5700777476748222,0.5702662555175121,0.7014623648545872,0.43526501212513896,1.3252858807094594,3.2296129648380685,0.996233309123034,0.8102427163595534,0.00041140976412506856,0.09750411409764125,0.00041140976412506856,0.00041140976412506856,0.5870480192708452,1.0,0.0,0.7528176268214677,1.4037016206047586,0.0017827756445419638
pooled_origins,scale_8,8.0,1,T,14584,13,21,0.6043709105538603,0.6044765025007743,1.16269615000659,2.3712167474457506,2.3715167863890265,3.798943403259868,1.9139397984449347,9.125103364581868,21.2095775172726,0.7650838130602187,0.08569273058808502,0.09722984092155787,0.09750411409764125,0.09722984092155787,0.09722984092155787,1.0,1.0,0.0,2.1406379205727335,3.651197189659075,0.5594487109160724
pooled_origins,scale_8,8.0,1,h,14584,13,21,-0.11927813134641563,0.9276940418356366,2.375008321357694,-0.037796032079904396,0.4474092503534712,0.6521924358466796,0.32238227490488225,1.225896309718057,12.434955995691915,0.4430700428466177,0.13946800561294959,0.00013713658804168953,0.09750411409764125,0.00013713658804168953,0.00013713658804168953,0.08347214183667909,1.0,0.0,0.14386698747653986,1.664449461985068,0.0006856829402084476
pooled_origins,scale_8,8.0,5,S,14500,13,19,5.256810071999292,5.256810071999292,5.924825904060334,1.5548991406730106,1.5548991406730106,1.9075200702648543,1.1635881981024885,3.564491416999963,5.901685833439399,0.9497835372175077,-0.42401020196829475,0.00041379310344827585,0.09689655172413793,8.275862068965517e-05,0.00041379310344827585,0.2921129115205208,0.579009068460931,0.0,0.7472631766605188,1.123274344231173,0.001310344827586207
pooled_origins,scale_8,8.0,5,T,14500,13,19,1.2999771403338105,1.2999771403338105,1.8850356046671055,5.470212933206381,5.470212933206381,6.416293590430258,5.484755611431958,12.437590255828901,24.37740200141465,0.8244954553136054,-1.6163037998233745,0.09668965517241379,0.09689655172413793,0.02500689655172414,0.09668965517241379,0.4949340868147564,0.6379225457789455,0.0,2.1401268068081647,3.651197189659075,0.5587586206896552
pooled_origins,scale_8,8.0,5,h,14500,13,19,-0.27987119768411706,0.9374201755909649,2.502334555972411,-0.09852390544949284,0.41977167892017403,0.6201932678387201,0.30516788980501186,1.150202513978435,13.383173572478938,0.18460798287977792,-0.015868565834366688,6.896551724137931e-05,0.09689655172413793,2.7586206896551723e-05,6.896551724137931e-05,0.04211075486889314,0.5756917210038306,0.0,0.14004318532810153,1.664449461985068,0.00041379310344827585
pooled_origins,scale_8,8.0,10,S,14413,13,17,6.8445288151779415,6.8445288151779415,7.696893626424233,2.0179451336810903,2.0179451336810903,2.4689520560999325,1.5040722848703645,4.6264316686691265,7.0153144662490945,0.7803895235267422,-1.4076437607046288,0.00041629084853951295,0.09609380420453757,4.1629084853951296e-05,0.00041629084853951295,0.15444375189085954,0.31014048363877345,0.0,0.7366756948989055,1.123274344231173,0.001248872545618539
pooled_origins,scale_8,8.0,10,T,14413,13,17,1.6638178145954583,1.6638178145954583,2.3258264229982832,7.06295566863818,7.06295566863818,7.9836327639876385,7.251190201076991,15.002191543677478,26.98177598376202,0.7365289129054308,-3.073465025396068,0.09588565878026781,0.09609380420453757,0.012370776382432527,0.09588565878026781,0.17401595159892969,0.328662829361381,0.0,2.1356851864755924,3.651197189659075,0.5578991188510373
pooled_origins,scale_8,8.0,10,h,14413,13,17,-0.33868262294027607,0.9279866218472955,2.247006142692579,-0.11709734270499852,0.417332539947339,0.6081518308214154,0.30858448847521386,1.1292781926986466,13.18567436722383,0.09236698357717897,-0.031559920557358234,6.938180808991882e-05,0.09609380420453757,1.3876361617983764e-05,6.938180808991882e-05,0.02369754855420414,0.25107198315656293,0.0,0.1377012030628974,1.664449461985068,0.00041629084853951295
pooled_origins,scale_8,8.0,20,S,14267,13,14,8.14787066356501,8.14787066356501,9.043754355722728,2.343524189749002,2.343524189749002,2.806961479910045,1.7748525046399664,5.17551985906408,8.005851617036086,0.33103904303114656,-2.165620039415297,0.0004205509217074367,0.0942734982827504,2.1027546085371838e-05,0.0004205509217074367,0.08542864983299081,0.14646591172184428,0.0,0.7269079734841872,1.123274344231173,0.0012616527651223102
pooled_origins,scale_8,8.0,20,T,14267,13,14,1.8323461210943561,1.8323461210943561,2.534817221318183,7.805544708682479,7.805544708682479,8.723815187978959,8.063814292428441,16.661005625630555,28.787762289894413,0.4783179062418949,-3.928823721537471,0.09406322282189669,0.0942734982827504,0.006038410317515946,0.09406322282189669,0.02353166646381846,0.09886397166775282,0.0,2.1158820880917597,3.651197189659075,0.5572299712623536
pooled_origins,scale_8,8.0,20,h,14267,13,14,-0.1773756958968557,0.8539247550772887,2.127140550468029,-0.05421592784590455,0.4023160446456919,0.5921392240056907,0.2929323218902845,1.0903629246416675,13.111453363866614,0.05847308046644317,-0.005096486008332235,7.009182028457279e-05,0.0942734982827504,7.009182028457279e-06,7.009182028457279e-05,0.009162998869699606,0.050451649913144235,0.0,0.1361837591071788,1.664449461985068,0.0004205509217074367
equal_pass_mean,infinite,inf,1,S,14584,13,21,1.9038820647437098,1.9044696412214104,2.0232718462050547,0.6943180799308926,0.6944684323553175,0.719949084537671,0.6838645088622606,0.9720446776702534,1.4890202637337695,0.9771698441321898,-0.6390430089412611,,,,0.0006756602145373993,0.4579074913533979,0.672998137920546,0.0006756602145373993,0.5684910965885932,0.8120056521227761,0.0034278275463111713
equal_pass_mean,infinite,inf,1,T,14584,13,21,0.6516148361895109,0.6517261945153561,0.6617655345881033,2.23127047970306,2.2315776834422105,2.2617601498887896,2.2880406411794065,2.6542501540216796,4.161691550568497,0.324359364091128,-165.12731977654846,,,,0.2406222355757514,1.0089274639799177,1.1289913820063062,0.2406222355757514,1.2693099702630235,1.431242039238654,0.6128497513728914
equal_pass_mean,infinite,inf,1,h,14584,13,21,-0.2248299926281286,1.253590992145067,2.5295055203062273,-0.04422247756811626,0.4014647231422411,0.6281264699025482,0.313688456178557,1.0095586988113425,7.521745767815404,0.44019849861973626,0.06201022249425789,,,,0.00015956968146547745,0.08039639189308653,0.8144005678956925,0.00015956968146547745,0.12851818251756542,0.9628930518379365,0.0006676238839397857
equal_pass_mean,infinite,inf,5,S,14500,13,19,5.192067385258271,5.192067385258271,5.4762483179706924,1.9000603959775342,1.9000603959775342,1.958766508145808,1.85402900609637,2.609441984237484,3.5330720936245075,0.81390681853607,-13.130555147942273,,,,0.0006798384372755082,0.2673446423830535,0.3864650336396211,0.0,0.5639584511547553,0.7119526518859138,0.0026334026334026333
equal_pass_mean,infinite,inf,5,T,14500,13,19,1.8757424136491267,1.8757424136491267,1.8827366012094642,6.41601160822411,6.41601160822411,6.437092909454531,6.53424919241259,6.93583413948052,8.110067752323916,0.03515672375116403,-1398.6687867968128,,,,0.24023671747325587,0.5234781154732239,0.6163672523733706,0.08015815959741193,1.2693002338753308,1.431242039238654,0.6131552180585734
equal_pass_mean,infinite,inf,5,h,14500,13,19,-0.48352560941539596,1.3567407732224006,2.542131913874601,-0.10745946573673713,0.39186481377056875,0.606501910044867,0.2985382541631434,1.0174169367826251,6.144016245512726,0.14828664873737482,-0.10008919839653091,,,,8.80126738250308e-05,0.039982713076883426,0.3747481539133463,0.0,0.12320529169905699,0.7383862694569063,0.0004097608042469417
equal_pass_mean,infinite,inf,10,S,14413,13,17,6.756553052938444,6.756553052938444,7.107270069523727,2.4642535241269394,2.4642535241269394,2.5356720734923455,2.394681386786088,3.3680473752904336,4.294629452823239,0.5584810742918201,-24.168854094340045,,,,0.0006851376471629637,0.16351867445295137,0.2304001533094186,0.0,0.5587684172874792,0.6938559309493575,0.0025174825174825175
equal_pass_mean,infinite,inf,10,T,14413,13,17,2.501368184815528,2.501368184815528,2.5052496112763674,8.547583652993223,8.547583652993223,8.559245364292753,8.629486893081687,9.012939393262169,10.135461624486451,0.03195519671661783,-2461.076219697933,,,,0.23974854442404014,0.2288070039086373,0.3061948410536785,0.0,1.2691317234328503,1.431242039238654,0.6132010448752019
equal_pass_mean,infinite,inf,10,h,14413,13,17,-0.5842303999809446,1.3398905712853424,2.260691917035034,-0.12880956952028055,0.38948736405167406,0.5811691473741913,0.30181982610850516,1.014938930281537,5.408122301005516,0.04492520935310514,-0.11971004357091508,,,,8.851907586084801e-05,0.024468277148893842,0.1580856239840527,0.0,0.11979750319129144,0.6842911286631487,0.00041180326925773533
equal_pass_mean,infinite,inf,20,S,14267,13,14,7.925498172674289,7.925498172674289,8.24575726553316,2.8240380078143588,2.8240380078143588,2.890308785123371,2.7475741594010663,3.7872139586698927,4.735917539212708,0.2727716626151802,-34.86535432417251,,,,0.0006959991244042467,0.09593670662564899,0.13319411629679181,0.0,0.5470491879486844,0.6823386877913205,0.002564102564102564
equal_pass_mean,infinite,inf,20,T,14267,13,14,2.8077669076503584,2.8077669076503584,2.809938091009118,9.583385105708711,9.583385105708711,9.589789587151884,9.59915701389904,9.980619485357797,11.180548972829936,0.01959642087235921,-3272.98630301949,,,,0.2387506968978297,0.04436124344301026,0.08742917554926165,0.0,1.2687498786546412,1.431242039238654,0.6134732120811269
equal_pass_mean,infinite,inf,20,h,14267,13,14,-0.4012626473678711,1.2229106317368763,2.139598397588141,-0.07279361212347107,0.3707214338621314,0.5606529441011795,0.28677096983220773,0.963513809501541,5.305477577253364,0.05156902018603017,-0.05795876077496912,,,,8.954956568460642e-05,0.013237397328010872,0.03376867210246247,0.0,0.11607500158344655,0.6717773370518049,0.0004159561043904081
equal_pass_mean,scale_8,8.0,1,S,14584,13,21,1.9045906317561565,1.9051782082338573,2.024343955369034,0.6948238366203474,0.6949741890447722,0.7207056569822547,0.6840383441212775,0.9724085042601959,1.6516915812120776,0.9767265106661669,-0.6439477243044982,0.0006756602145373993,0.24095702866706442,0.0006756602145373993,0.0006756602145373993,0.4579074913533979,0.6495187045983866,0.0,0.5684910965885932,0.8120056521227761,0.0034278275463111713
equal_pass_mean,scale_8,8.0,1,T,14584,13,21,1.150370675626605,1.1504820339524502,1.157485926922516,3.7912796972673544,3.7915869010065046,3.8129702911819185,3.801895755561578,4.174916213636263,5.6516071399516115,0.3734998032374232,-449.5450006253778,0.2406222355757514,0.24095702866706442,0.2406222355757514,0.2406222355757514,0.7798590035379049,0.8542605712973361,0.0,1.2693099702630235,1.431242039238654,0.6128497513728914
equal_pass_mean,scale_8,8.0,1,h,14584,13,21,-0.22166066168462434,1.2505333531438214,2.4591142932989305,-0.04369580537704655,0.40095057384785654,0.616344080480688,0.313688456178557,1.0095586988113425,7.064825135700984,0.4498844674433706,0.1382228740435276,0.00015956968146547745,0.24095702866706442,0.00015956968146547745,0.00015956968146547745,0.08039639189308653,0.756448802846613,0.0,0.12851818251756542,0.9628930518379365,0.0006676238839397857
equal_pass_mean,scale_8,8.0,5,S,14500,13,19,5.192350203879249,5.192350203879249,5.476451146572876,1.9002618617007412,1.9002618617007412,1.9589123829616164,1.8540306474527006,2.609443218155369,3.533073544911201,0.8150348555310073,-13.133891828328403,0.0006798384372755082,0.240500755494731,0.00013596768745510165,0.0006798384372755082,0.2673445879946471,0.3779287002811576,0.0,0.5639584511547553,0.7119526518859138,0.0026334026334026333
equal_pass_mean,scale_8,8.0,5,T,14500,13,19,2.0677032206054964,2.0677032206054964,2.0724211046220273,7.022399743385567,7.022399743385567,7.0366063422240765,7.077332315112709,7.470631585673961,8.673319757253953,0.03747197213495665,-1587.6293185343004,0.24023671747325587,0.240500755494731,0.06627164256007173,0.24023671747325587,0.41258360542692785,0.49535589945833647,0.0,1.2693002338753308,1.431242039238654,0.6131552180585734
equal_pass_mean,scale_8,8.0,5,h,14500,13,19,-0.4822208508253016,1.3554404489531489,2.5248597581638927,-0.10724166869117556,0.39164764579988015,0.6036149846294866,0.29853800762637295,1.0174165426193673,5.981385614652611,0.14779411205871928,-0.08197368635912318,8.80126738250308e-05,0.240500755494731,3.520506953001232e-05,8.80126738250308e-05,0.03998266803756026,0.35106339219718596,0.0,0.12320529169905699,0.7383862694569063,0.0004097608042469417
equal_pass_mean,scale_8,8.0,10,S,14413,13,17,6.758146918503153,6.758146918503153,7.108848082722636,2.4650491996940564,2.4650491996940564,2.5364615927965586,2.395640677868003,3.368803242485635,4.295023140515843,0.5586813975609414,-24.188158208896976,0.0006851376471629637,0.24001410165162268,6.851376471629636e-05,0.0006851376471629637,0.16346022046469588,0.22780594396976372,0.0,0.5587684172874792,0.6938559309493575,0.0025174825174825175
equal_pass_mean,scale_8,8.0,10,T,14413,13,17,2.571915496758256,2.571915496758256,2.574991154204635,8.770678623087589,8.770678623087589,8.77985710065591,8.814117409389258,9.19693575536583,10.331809541125853,0.031808387786318365,-2546.5129860447614,0.23974854442404014,0.24001410165162268,0.03301286135275135,0.23974854442404014,0.17751252578468862,0.2523084944037186,0.0,1.2691317234328503,1.431242039238654,0.6132010448752019
equal_pass_mean,scale_8,8.0,10,h,14413,13,17,-0.5795241231362301,1.336828498560074,2.255295245123762,-0.12825972548711892,0.389156259629177,0.580372773895198,0.3015371551577876,1.014893409304538,5.408081956794699,0.04664887219082013,-0.11514254765098456,8.851907586084801e-05,0.24001410165162268,1.7703815172169603e-05,8.851907586084801e-05,0.02444997627546188,0.1482604691013022,0.0,0.11979750319129144,0.6842911286631487,0.00041180326925773533
equal_pass_mean,scale_8,8.0,20,S,14267,13,14,7.944092983613666,7.944092983613666,8.264019270363827,2.832636363188329,2.832636363188329,2.8987642677653005,2.755490615051736,3.7962259400723677,4.74697759864986,0.2725926992872903,-35.16947119875833,0.0006959991244042467,0.23901934559488353,3.4799956220212336e-05,0.0006959991244042467,0.09434328948646512,0.13150496750534396,0.0,0.5470491879486844,0.6823386877913205,0.002564102564102564
equal_pass_mean,scale_8,8.0,20,T,14267,13,14,2.8173610814183636,2.8173610814183636,2.8194795105690007,9.61379974089413,9.61379974089413,9.62004106723122,9.621788370322413,10.011904881596122,11.24034709296864,0.017387742190081188,-3285.5692691410836,0.2387506968978297,0.23901934559488353,0.016379702846381523,0.2387506968978297,0.03374192677890617,0.07650813144133768,0.0,1.2687498786546412,1.431242039238654,0.6134732120811269
equal_pass_mean,scale_8,8.0,20,h,14267,13,14,-0.35638873789733655,1.1984914972237493,2.117768456395858,-0.06868025870026279,0.36878865189792437,0.5588789721103334,0.2850066811014427,0.9591486387078377,5.300717408710066,0.05100857553069771,-0.044205185884240834,8.954956568460642e-05,0.23901934559488353,8.954956568460643e-06,8.954956568460642e-05,0.012435104942245735,0.031118927689742094,0.0,0.11607500158344655,0.6717773370518049,0.0004159561043904081
