aggregation,envelope_scope,guardrail_label,guardrail_scale,horizon_updates,channel,n_origins,n_passes,n_segments,prediction_inside_rate,recorded_target_inside_rate,prediction_outside_excess_mean,prediction_outside_excess_p95,prediction_outside_excess_max,recorded_target_outside_excess_mean,recorded_target_outside_excess_p95,recorded_target_outside_excess_max,inside_status_agreement_rate
pooled_origins,frozen_all_data1,infinite,inf,1,S,14584,13,21,0.8978332419089413,0.950082281952825,0.009372204982964889,0.07459695047255652,0.9735941086794586,0.015924483894614285,0.0,2.5786119418923725,0.8982446516730663
pooled_origins,frozen_all_data1,infinite,inf,1,T,14584,13,21,0.648381788261108,0.9498080087767417,0.2435806135844192,0.9337393640450558,4.941620696939605,0.17579352894579822,0.0003027541985896267,10.70367718661273,0.6836258913878223
pooled_origins,frozen_all_data1,infinite,inf,1,h,14584,13,21,0.9955430608886451,0.9505622600109709,0.004031211561122763,0.0,7.670333402214689,0.02027094601575232,0.0,9.627160252842726,0.9525507405375754
pooled_origins,frozen_all_data1,infinite,inf,5,S,14500,13,19,0.5242758620689655,0.9508275862068966,0.08854537267934903,0.3169445680702918,0.8034088170321075,0.015187938827130864,0.0,1.6398709347041187,0.5242068965517241
pooled_origins,frozen_all_data1,infinite,inf,5,T,14500,13,19,0.062344827586206894,0.9495172413793104,1.833964281179652,2.8368979435214627,3.2790068412258018,0.1768119190445187,0.001479809354250135,10.70367718661273,0.062344827586206894
pooled_origins,frozen_all_data1,infinite,inf,5,h,14500,13,19,0.9993793103448276,0.9522758620689655,0.0003099163269402467,0.0,1.2172636044562277,0.017289278661073066,0.0,9.627160252842726,0.9526206896551724
pooled_origins,frozen_all_data1,infinite,inf,10,S,14413,13,17,0.06514951779643377,0.9509470616804274,0.2753508808733631,0.43748388059827564,1.0232079683950004,0.015167416794695812,0.0,1.6398709347041187,0.06508013598834386
pooled_origins,frozen_all_data1,infinite,inf,10,T,14413,13,17,0.004648581142024561,0.9494900437105391,3.393929584252318,3.8151992314082865,4.060578299435811,0.17784836202848117,0.0015351094680764767,10.70367718661273,0.051134392562270176
pooled_origins,frozen_all_data1,infinite,inf,10,h,14413,13,17,1.0,0.9526816068826753,0.0,0.0,0.0,0.01606223474572207,0.0,9.627160252842726,0.9526816068826753
pooled_origins,frozen_all_data1,infinite,inf,20,S,14267,13,14,0.00014018364056914557,0.9506553585196608,0.6027791721260841,0.6557919110040633,1.3076160074886178,0.015292492596938007,0.0,1.6398709347041187,0.04934464148033924
pooled_origins,frozen_all_data1,infinite,inf,20,T,14267,13,14,0.0,0.949463797574823,4.214050573379387,4.26764445000594,4.551333432165028,0.17956406287609078,0.0015825095656417485,10.70367718661273,0.05053620242517698
pooled_origins,frozen_all_data1,infinite,inf,20,h,14267,13,14,1.0,0.9525478376673442,0.0,0.0,0.0,0.015895303502019693,0.0,9.627160252842726,0.9525478376673442
pooled_origins,frozen_all_data1,scale_8,8.0,1,S,14584,13,21,0.8981075150850247,0.950082281952825,0.009256771941651481,0.07414840746782539,0.6229037588935076,0.015924483894614285,0.0,2.5786119418923725,0.897970378496983
pooled_origins,frozen_all_data1,scale_8,8.0,1,T,14584,13,21,0.6660038398244652,0.9498080087767417,0.18885435757465036,0.8638501605343507,1.960133144882711,0.17579352894579822,0.0003027541985896267,10.70367718661273,0.6660038398244652
pooled_origins,frozen_all_data1,scale_8,8.0,1,h,14584,13,21,0.9955430608886451,0.9505622600109709,0.003617951579971894,0.0,4.41951003187109,0.02027094601575232,0.0,9.627160252842726,0.9525507405375754
pooled_origins,frozen_all_data1,scale_8,8.0,5,S,14500,13,19,0.5242758620689655,0.9508275862068966,0.08854537569099694,0.3169445680702918,0.8034088170321075,0.015187938827130864,0.0,1.6398709347041187,0.5242068965517241
pooled_origins,frozen_all_data1,scale_8,8.0,5,T,14500,13,19,0.016551724137931035,0.9495172413793104,1.8677486603917857,2.8368979435214627,3.2790068412258018,0.1768119190445187,0.001479809354250135,10.70367718661273,0.06317241379310345
pooled_origins,frozen_all_data1,scale_8,8.0,5,h,14500,13,19,0.999448275862069,0.9522758620689655,0.00025480501715248943,0.0,1.2172636044562277,0.017289278661073066,0.0,9.627160252842726,0.9526896551724138
pooled_origins,frozen_all_data1,scale_8,8.0,10,S,14413,13,17,0.06514951779643377,0.9509470616804274,0.2755274753462265,0.43750251715341115,1.0232079683950004,0.015167416794695812,0.0,1.6398709347041187,0.06508013598834386
pooled_origins,frozen_all_data1,scale_8,8.0,10,T,14413,13,17,0.0,0.9494900437105391,3.4626733663348,3.8151992314082865,4.060578299435811,0.17784836202848117,0.0015351094680764767,10.70367718661273,0.0505099562894609
pooled_origins,frozen_all_data1,scale_8,8.0,10,h,14413,13,17,1.0,0.9526816068826753,0.0,0.0,0.0,0.01606223474572207,0.0,9.627160252842726,0.9526816068826753
pooled_origins,frozen_all_data1,scale_8,8.0,20,S,14267,13,14,7.009182028457279e-05,0.9506553585196608,0.6056856289021402,0.6562819589765005,1.3076160074886178,0.015292492596938007,0.0,1.6398709347041187,0.04927454966005467
pooled_origins,frozen_all_data1,scale_8,8.0,20,T,14267,13,14,0.0,0.949463797574823,4.223944755804692,4.2679145764064215,4.551333432165028,0.17956406287609078,0.0015825095656417485,10.70367718661273,0.05053620242517698
pooled_origins,frozen_all_data1,scale_8,8.0,20,h,14267,13,14,1.0,0.9525478376673442,0.0,0.0,0.0,0.015895303502019693,0.0,9.627160252842726,0.9525478376673442
pooled_origins,leave_one_pass_out,infinite,inf,1,S,14584,13,21,0.889125068568294,0.9171009325287987,0.0174331041404208,0.1310799251942527,1.5956608947243156,0.05077009696627974,0.178537694999267,3.7803704178069237,0.9070213933077345
pooled_origins,leave_one_pass_out,infinite,inf,1,T,14584,13,21,0.623217224355458,0.9094212835984641,0.31221760573001545,1.1007198671926692,6.39882718122967,0.34988491512493003,0.6722271267120163,11.749864671029759,0.7125617114646188
pooled_origins,leave_one_pass_out,infinite,inf,1,h,14584,13,21,0.9943773998902907,0.9464481623697203,0.004679076960878248,0.0,7.670333402214689,0.022592860841655554,0.02269335748954419,10.043003639585205,0.9486423477783873
pooled_origins,leave_one_pass_out,infinite,inf,5,S,14500,13,19,0.5262758620689655,0.9182068965517242,0.09389829150293465,0.36234037241296824,1.391696978110042,0.049410070511954146,0.1700438320896597,2.5333804039463654,0.5312413793103449
pooled_origins,leave_one_pass_out,infinite,inf,5,T,14500,13,19,0.06344827586206897,0.9092413793103449,1.8452287207905946,2.975967129572562,3.4479391725953965,0.3493550428952957,0.6746395182466358,11.749864671029759,0.05972413793103448
pooled_origins,leave_one_pass_out,infinite,inf,5,h,14500,13,19,0.9993793103448276,0.9483448275862069,0.0003432812136950518,0.0,1.2777374616993118,0.019155877919753598,0.009583955217478346,10.043003639585205,0.9486896551724138
pooled_origins,leave_one_pass_out,infinite,inf,10,S,14413,13,17,0.06841046277665996,0.918823284534795,0.2770910286925904,0.4909950822825021,1.5103034297752673,0.04899485563563079,0.1670046179198245,2.5333804039463654,0.07340595295913412
pooled_origins,leave_one_pass_out,infinite,inf,10,T,14413,13,17,0.004648581142024561,0.9091792132102963,3.404602530352176,3.9638977032425213,4.165745242208162,0.34807498141557136,0.6649899521082459,11.749864671029759,0.08617220564767918
pooled_origins,leave_one_pass_out,infinite,inf,10,h,14413,13,17,1.0,0.94872684382155,0.0,0.0,0.0,0.017898143347570183,0.006621545581035291,10.043003639585205,0.94872684382155
pooled_origins,leave_one_pass_out,infinite,inf,20,S,14267,13,14,0.00014018364056914557,0.919604682133595,0.6030518052122842,0.6992583248364954,1.6161491629092963,0.04859837089407782,0.1624043106464167,2.5333804039463654,0.080395317866405
pooled_origins,leave_one_pass_out,infinite,inf,20,T,14267,13,14,0.0,0.9093712763720474,4.224862463399364,4.431960218803996,4.65868211991227,0.3447718399737423,0.6551094543966235,11.749864671029759,0.09062872362795261
pooled_origins,leave_one_pass_out,infinite,inf,20,h,14267,13,14,1.0,0.9486927875516927,0.0,0.0,0.0,0.01772829339050152,0.006934681797132718,10.043003639585205,0.9486927875516927
pooled_origins,leave_one_pass_out,scale_8,8.0,1,S,14584,13,21,0.8892622051563357,0.9171009325287987,0.017206379802930487,0.13080274704919778,1.4343077758371656,0.05077009696627974,0.178537694999267,3.7803704178069237,0.9068842567196929
pooled_origins,leave_one_pass_out,scale_8,8.0,1,T,14584,13,21,0.6698436642896325,0.9094212835984641,0.21083842322694152,0.9945567507276993,2.129065476252306,0.34988491512493003,0.6722271267120163,11.749864671029759,0.6659352715304443
pooled_origins,leave_one_pass_out,scale_8,8.0,1,h,14584,13,21,0.9943773998902907,0.9464481623697203,0.0042658169797273795,0.0,4.856577192139804,0.022592860841655554,0.02269335748954419,10.043003639585205,0.9486423477783873
pooled_origins,leave_one_pass_out,scale_8,8.0,5,S,14500,13,19,0.5262758620689655,0.9182068965517242,0.09389829451458254,0.36234037241296824,1.391696978110042,0.049410070511954146,0.1700438320896597,2.5333804039463654,0.5312413793103449
pooled_origins,leave_one_pass_out,scale_8,8.0,5,T,14500,13,19,0.017655172413793104,0.9092413793103449,1.8789038554142845,2.975967129572562,3.4479391725953965,0.3493550428952957,0.6746395182466358,11.749864671029759,0.09793103448275862
pooled_origins,leave_one_pass_out,scale_8,8.0,5,h,14500,13,19,0.999448275862069,0.9483448275862069,0.00028816990390729446,0.0,1.2777374616993118,0.019155877919753598,0.009583955217478346,10.043003639585205,0.9487586206896552
pooled_origins,leave_one_pass_out,scale_8,8.0,10,S,14413,13,17,0.06841046277665996,0.918823284534795,0.2772670687566922,0.4909950822825021,1.5103034297752673,0.04899485563563079,0.1670046179198245,2.5333804039463654,0.07340595295913412
pooled_origins,leave_one_pass_out,scale_8,8.0,10,T,14413,13,17,0.0,0.9091792132102963,3.4731814652197217,3.9638977032425213,4.165745242208162,0.34807498141557136,0.6649899521082459,11.749864671029759,0.09082078678970373
pooled_origins,leave_one_pass_out,scale_8,8.0,10,h,14413,13,17,1.0,0.94872684382155,0.0,0.0,0.0,0.017898143347570183,0.006621545581035291,10.043003639585205,0.94872684382155
pooled_origins,leave_one_pass_out,scale_8,8.0,20,S,14267,13,14,7.009182028457279e-05,0.919604682133595,0.6059581512571754,0.6994753287309489,1.6161491629092963,0.04859837089407782,0.1624043106464167,2.5333804039463654,0.08032522604612041
pooled_origins,leave_one_pass_out,scale_8,8.0,20,T,14267,13,14,0.0,0.9093712763720474,4.234756645824669,4.432027591807309,4.65868211991227,0.3447718399737423,0.6551094543966235,11.749864671029759,0.09062872362795261
pooled_origins,leave_one_pass_out,scale_8,8.0,20,h,14267,13,14,1.0,0.9486927875516927,0.0,0.0,0.0,0.01772829339050152,0.006934681797132718,10.043003639585205,0.9486927875516927
equal_pass_mean,frozen_all_data1,infinite,inf,1,S,14584,13,21,0.9273272665503154,0.9318234894374273,0.006903047743700133,0.025153868123585412,0.2036064597456397,0.02857751750171304,0.10283122799970007,0.4802369873695219,0.8989478406762434
equal_pass_mean,frozen_all_data1,infinite,inf,1,T,14584,13,21,0.647371198452845,0.8956649437185539,0.36135980135599205,0.5515208734743593,0.9593139189364698,0.5722860117953231,0.809564308981164,1.2489208368287381,0.7102430882711246
equal_pass_mean,frozen_all_data1,infinite,inf,1,h,14584,13,21,0.9966584371634417,0.9620431238806366,0.0032154292036302126,0.0,1.6668672473275987,0.016459631230657863,0.05061219289231617,3.25605843364568,0.9634830127526767
equal_pass_mean,frozen_all_data1,infinite,inf,5,S,14500,13,19,0.6459236962734849,0.9324687450281159,0.06445039644556484,0.1298530185219905,0.3875687091644896,0.027618752428754383,0.1013871405034959,0.2712988717310943,0.6168120945625895
equal_pass_mean,frozen_all_data1,infinite,inf,5,T,14500,13,19,0.1719167740923377,0.8946534938329674,1.5536990132070136,1.6952100802492833,1.9581706997552883,0.5791235486233076,0.8099398134120347,1.2489208368287381,0.11628868453643539
equal_pass_mean,frozen_all_data1,infinite,inf,5,h,14500,13,19,0.999621711564201,0.9636202129631587,0.0002043914025421198,0.0,0.15510596895220838,0.014280160542296428,0.048233461351561084,2.989409633927041,0.9637499071108142
equal_pass_mean,frozen_all_data1,infinite,inf,10,S,14413,13,17,0.11668132355969389,0.9321675854873389,0.23093437705842548,0.30823981830905994,0.8384670171455183,0.02780133597687911,0.1018805986345755,0.2603830483574321,0.08784551422040396
equal_pass_mean,frozen_all_data1,infinite,inf,10,T,14413,13,17,0.015760997412373558,0.894007612828342,3.159864488809852,3.287545206531293,3.503547487317226,0.5878567879328416,0.8103527562434808,1.2489208368287381,0.1081095360777977
equal_pass_mean,frozen_all_data1,infinite,inf,10,h,14413,13,17,1.0,0.9637918482780518,0.0,0.0,0.0,0.013660252773679913,0.04664725787117878,2.9144505508795757,0.9637918482780518
equal_pass_mean,frozen_all_data1,infinite,inf,20,S,14267,13,14,0.000385109691103382,0.9312490025241983,0.5871746568620171,0.6377872474500759,1.2168904014354607,0.02827817658746005,0.10276960707712851,0.2603830483574321,0.06885120688200483
equal_pass_mean,frozen_all_data1,infinite,inf,20,T,14267,13,14,0.0,0.892308819932797,4.179504848996271,4.209966721279882,4.475816536333159,0.6060765328081708,0.8103453975768976,1.2489208368287381,0.107691180067203
equal_pass_mean,frozen_all_data1,infinite,inf,20,h,14267,13,14,1.0,0.9636499475151385,0.0,0.0,0.0,0.013624734468384194,0.046383480555700726,2.833589177828373,0.9636499475151385
equal_pass_mean,frozen_all_data1,scale_8,8.0,1,S,14584,13,21,0.9277777066933404,0.9318234894374273,0.006742919655999722,0.025153868123585412,0.1287146052318352,0.02857751750171304,0.10283122799970007,0.4802369873695219,0.8984974005332186
equal_pass_mean,frozen_all_data1,scale_8,8.0,1,T,14584,13,21,0.7062081947898413,0.8956649437185539,0.1786382542757565,0.2972710972372824,0.5791892499411154,0.5722860117953231,0.809564308981164,1.2489208368287381,0.6514060919341282
equal_pass_mean,frozen_all_data1,scale_8,8.0,1,h,14584,13,21,0.9966584371634417,0.9620431238806366,0.002688757012560505,0.0,1.2032531269349631,0.016459631230657863,0.05061219289231617,3.25605843364568,0.9634830127526767
equal_pass_mean,frozen_all_data1,scale_8,8.0,5,S,14500,13,19,0.6459236962734849,0.9324687450281159,0.06445040454470416,0.1298530185219905,0.3875695216604536,0.027618752428754383,0.1013871405034959,0.2712988717310943,0.6168120945625895
equal_pass_mean,frozen_all_data1,scale_8,8.0,5,T,14500,13,19,0.041478124728224444,0.8946534938329674,1.6351585792959793,1.7895078475685884,2.078929601443,0.5791235486233076,0.8099398134120347,1.2489208368287381,0.13384965406485855
equal_pass_mean,frozen_all_data1,scale_8,8.0,5,h,14500,13,19,0.9997097242380261,0.9636202129631587,0.00013405924342202818,0.0,0.09363566188124829,0.014280160542296428,0.048233461351561084,2.989409633927041,0.9638379197846393
equal_pass_mean,frozen_all_data1,scale_8,8.0,10,S,14413,13,17,0.11668132355969389,0.9321675854873389,0.23145776273330435,0.3084133493950262,0.8392776115041595,0.02780133597687911,0.1018805986345755,0.2603830483574321,0.08784551422040396
equal_pass_mean,frozen_all_data1,scale_8,8.0,10,T,14413,13,17,0.0,0.894007612828342,3.364908042469265,3.465192118758663,3.6858611899184073,0.5878567879328416,0.8103527562434808,1.2489208368287381,0.10599238717165799
equal_pass_mean,frozen_all_data1,scale_8,8.0,10,h,14413,13,17,1.0,0.9637918482780518,0.0,0.0,0.0,0.013660252773679913,0.04664725787117878,2.9144505508795757,0.9637918482780518
equal_pass_mean,frozen_all_data1,scale_8,8.0,20,S,14267,13,14,0.00014245014245014247,0.9312490025241983,0.5957669545988533,0.6484220893147321,1.2247950232459042,0.02827817658746005,0.10276960707712851,0.2603830483574321,0.06860854733335159
equal_pass_mean,frozen_all_data1,scale_8,8.0,20,T,14267,13,14,0.0,0.892308819932797,4.209919484181691,4.243107703396988,4.496736765396498,0.6060765328081708,0.8103453975768976,1.2489208368287381,0.107691180067203
equal_pass_mean,frozen_all_data1,scale_8,8.0,20,h,14267,13,14,1.0,0.9636499475151385,0.0,0.0,0.0,0.013624734468384194,0.046383480555700726,2.833589177828373,0.9636499475151385
equal_pass_mean,leave_one_pass_out,infinite,inf,1,S,14584,13,21,0.9128698397954568,0.8896482280675222,0.01477246591762569,0.0541808836423506,0.38423769119849815,0.09217843952803637,0.17929038649641843,0.6730468440755266,0.8952704970036904
equal_pass_mean,leave_one_pass_out,infinite,inf,1,T,14584,13,21,0.5700727579750161,0.8185073860900582,0.5292968959085734,0.7681125959807323,1.2112077347943102,1.0618690435403777,1.2353574822586615,1.7121928247915057,0.7483602436798298
equal_pass_mean,leave_one_pass_out,infinite,inf,1,h,14584,13,21,0.9955092973310004,0.9583322959045828,0.0038373771149827016,0.0,1.8456740594177674,0.01865266613467312,0.05936529063204564,3.543814836988261,0.9597747956742458
equal_pass_mean,leave_one_pass_out,infinite,inf,5,S,14500,13,19,0.6465958611684592,0.8902855365133144,0.06866679964258258,0.133194372041128,0.41820916783691214,0.09065181278315176,0.17704369378029736,0.41779267684977,0.6043403607083857
equal_pass_mean,leave_one_pass_out,infinite,inf,5,T,14500,13,19,0.1730275860724951,0.8178200680750768,1.566943209579346,1.7089522080985933,1.9751704118546305,1.0652214631444585,1.2360709317467782,1.7121928247915057,0.07447423259123565
equal_pass_mean,leave_one_pass_out,infinite,inf,5,h,14500,13,19,0.999621711564201,0.9601657436500766,0.00022194549753285544,0.0,0.15975780412475332,0.01600307628066727,0.05683873957255769,3.171308775986835,0.9602954377977319
equal_pass_mean,leave_one_pass_out,infinite,inf,10,S,14413,13,17,0.12172685308239803,0.8904361473010822,0.23195066084427635,0.3073491440163139,0.8755601954066605,0.09094803018492423,0.17753715191137692,0.403546363886016,0.08019182588021147
equal_pass_mean,leave_one_pass_out,infinite,inf,10,T,14413,13,17,0.015760997412373558,0.8170571897276722,3.171719809338901,3.300635487825639,3.5144153961365587,1.0689764884081896,1.2367631751812382,1.7121928247915057,0.1671818128599542
equal_pass_mean,leave_one_pass_out,infinite,inf,10,h,14413,13,17,1.0,0.9603113676289681,0.0,0.0,0.0,0.01537309454563485,0.054965638594525475,3.0963496929393695,0.9603113676289681
equal_pass_mean,leave_one_pass_out,infinite,inf,20,S,14267,13,14,0.000385109691103382,0.8906946707401696,0.5864507654647364,0.6356040216472597,1.2442389190748382,0.09178001609565205,0.17842616035392994,0.38921019844664845,0.10940553866603331
equal_pass_mean,leave_one_pass_out,infinite,inf,20,T,14267,13,14,0.0,0.8155002928342044,4.191326948797238,4.2229746741603345,4.48205988944245,1.0768475431145463,1.2372828639872624,1.7121928247915057,0.18449970716579556
equal_pass_mean,leave_one_pass_out,infinite,inf,20,h,14267,13,14,1.0,0.960199132841181,0.0,0.0,0.0,0.015348103963196818,0.054455417081823616,3.0154883198881666,0.960199132841181
equal_pass_mean,leave_one_pass_out,scale_8,8.0,1,S,14584,13,21,0.9130450632053043,0.8896482280675222,0.014395575432219919,0.0541808836423506,0.26476395500550576,0.09217843952803637,0.17929038649641843,0.6730468440755266,0.8950952735938429
equal_pass_mean,leave_one_pass_out,scale_8,8.0,1,T,14584,13,21,0.7082493961516545,0.8185073860900582,0.19928860071909402,0.31759527828969747,0.5990315926251443,1.0618690435403777,1.2353574822586615,1.7121928247915057,0.6101836055031915
equal_pass_mean,leave_one_pass_out,scale_8,8.0,1,h,14584,13,21,0.9955092973310004,0.9583322959045828,0.003310704923912994,0.0,1.3820599390251316,0.01865266613467312,0.05936529063204564,3.543814836988261,0.9597747956742458
equal_pass_mean,leave_one_pass_out,scale_8,8.0,5,S,14500,13,19,0.6465958611684592,0.8902855365133144,0.0686668077417219,0.133194372041128,0.4182099803328762,0.09065181278315176,0.17704369378029736,0.41779267684977,0.6043403607083857
equal_pass_mean,leave_one_pass_out,scale_8,8.0,5,T,14500,13,19,0.042588936708381896,0.8178200680750768,1.6481044495569581,1.80292032478229,2.095091927066054,1.0652214631444585,1.2360709317467782,1.7121928247915057,0.18975895117771704
equal_pass_mean,leave_one_pass_out,scale_8,8.0,5,h,14500,13,19,0.9997097242380261,0.9601657436500766,0.00015161333841276378,0.0,0.09828749705379322,0.01600307628066727,0.05683873957255769,3.171308775986835,0.9603834504715569
equal_pass_mean,leave_one_pass_out,scale_8,8.0,10,S,14413,13,17,0.12172685308239803,0.8904361473010822,0.232472533540035,0.30752267510228015,0.8763707897653017,0.09094803018492423,0.17753715191137692,0.403546363886016,0.08019182588021147
equal_pass_mean,leave_one_pass_out,scale_8,8.0,10,T,14413,13,17,0.0,0.8170571897276722,3.3762044491171346,3.478282400053009,3.6967290987377406,1.0689764884081896,1.2367631751812382,1.7121928247915057,0.18294281027232775
equal_pass_mean,leave_one_pass_out,scale_8,8.0,10,h,14413,13,17,1.0,0.9603113676289681,0.0,0.0,0.0,0.01537309454563485,0.054965638594525475,3.0963496929393695,0.9603113676289681
equal_pass_mean,leave_one_pass_out,scale_8,8.0,20,S,14267,13,14,0.00014245014245014247,0.8906946707401696,0.5950426798476471,0.6463336462460596,1.252143540885282,0.09178001609565205,0.17842616035392994,0.38921019844664845,0.10916287911738005
equal_pass_mean,leave_one_pass_out,scale_8,8.0,20,T,14267,13,14,0.0,0.8155002928342044,4.22174158398266,4.255606249552236,4.502980118505788,1.0768475431145463,1.2372828639872624,1.7121928247915057,0.18449970716579556
equal_pass_mean,leave_one_pass_out,scale_8,8.0,20,h,14267,13,14,1.0,0.960199132841181,0.0,0.0,0.0,0.015348103963196818,0.054455417081823616,3.0154883198881666,0.960199132841181
