envelope_scope,held_out_pass_id,phase,channel,lower_norm,upper_norm,median_norm,training_rows_in_phase,training_pass_count,source
frozen_all_data1,,accel,T,4.215360318619759,27.132702073136137,8.408935616413336,520,13,config/reference_run/03_nominal/audit/data1_stage_quantile_envelope_p025_p975.csv
frozen_all_data1,,accel,h,-6.122491958675236,6.269634815272781,-0.2096636527745042,520,13,config/reference_run/03_nominal/audit/data1_stage_quantile_envelope_p025_p975.csv
frozen_all_data1,,accel,S,1.4513209963738207,8.651001022945696,4.967632265637455,520,13,config/reference_run/03_nominal/audit/data1_stage_quantile_envelope_p025_p975.csv
frozen_all_data1,,decel,T,4.619787001106397,27.328790803241517,8.504156892498,520,13,config/reference_run/03_nominal/audit/data1_stage_quantile_envelope_p025_p975.csv
frozen_all_data1,,decel,h,-1.6694334339580976,3.688435443037818,0.0552535898748986,520,13,config/reference_run/03_nominal/audit/data1_stage_quantile_envelope_p025_p975.csv
frozen_all_data1,,decel,S,1.708040602676127,6.702392215681446,2.9223629805194093,520,13,config/reference_run/03_nominal/audit/data1_stage_quantile_envelope_p025_p975.csv
frozen_all_data1,,steady,T,4.35133381383265,17.51617934985059,8.197581519682668,13565,13,config/reference_run/03_nominal/audit/data1_stage_quantile_envelope_p025_p975.csv
frozen_all_data1,,steady,h,-1.0393221749003678,1.0656411109181616,-0.0103916023481481,13565,13,config/reference_run/03_nominal/audit/data1_stage_quantile_envelope_p025_p975.csv
frozen_all_data1,,steady,S,1.075332749588407,6.366527516695514,2.2263779062324294,13565,13,config/reference_run/03_nominal/audit/data1_stage_quantile_envelope_p025_p975.csv
leave_one_pass_out,P01,accel,T,4.267070744736264,27.14786786772909,8.534507577617335,480,12,recomputed from the other 12 Data1 passes
leave_one_pass_out,P01,accel,h,-6.16702065221914,6.0767271304390045,-0.2261417759955179,480,12,recomputed from the other 12 Data1 passes
leave_one_pass_out,P01,accel,S,1.3713290517726988,8.686588226103531,5.097524347381881,480,12,recomputed from the other 12 Data1 passes
leave_one_pass_out,P01,decel,T,4.7271356888536396,27.33483247715142,8.539120728769998,480,12,recomputed from the other 12 Data1 passes
leave_one_pass_out,P01,decel,h,-1.7271834569193827,4.106338556572308,0.03816315840411315,480,12,recomputed from the other 12 Data1 passes
leave_one_pass_out,P01,decel,S,1.7058525970418053,6.755336236964657,3.11870460922,480,12,recomputed from the other 12 Data1 passes
leave_one_pass_out,P01,steady,T,4.444192656379045,17.554661425026573,8.24504171808467,12778,12,recomputed from the other 12 Data1 passes
leave_one_pass_out,P01,steady,h,-1.050998251879714,1.0736136115771981,-0.009585157910646964,12778,12,recomputed from the other 12 Data1 passes
leave_one_pass_out,P01,steady,S,1.0700791607033173,6.413972111111701,2.2341846386588466,12778,12,recomputed from the other 12 Data1 passes
leave_one_pass_out,P02,accel,T,4.14135399359249,27.14786786772909,8.534507577617335,480,12,recomputed from the other 12 Data1 passes
leave_one_pass_out,P02,accel,h,-6.16702065221914,6.269634815272781,-0.2701296035202343,480,12,recomputed from the other 12 Data1 passes
leave_one_pass_out,P02,accel,S,1.3713290517726988,8.686588226103531,4.998376038470873,480,12,recomputed from the other 12 Data1 passes
leave_one_pass_out,P02,decel,T,4.615185750883898,27.33483247715142,8.539120728769998,480,12,recomputed from the other 12 Data1 passes
leave_one_pass_out,P02,decel,h,-1.6694334339580976,4.106338556572308,0.031521552983007774,480,12,recomputed from the other 12 Data1 passes
leave_one_pass_out,P02,decel,S,1.7058525970418053,6.755336236964657,3.11870460922,480,12,recomputed from the other 12 Data1 passes
leave_one_pass_out,P02,steady,T,4.341900564101494,17.589826759978198,8.312531312306005,12520,12,recomputed from the other 12 Data1 passes
leave_one_pass_out,P02,steady,h,-1.0179745091042292,1.04546053586497,-0.010233376817698817,12520,12,recomputed from the other 12 Data1 passes
leave_one_pass_out,P02,steady,S,1.0683770270279154,6.436487322305929,2.3686518145575497,12520,12,recomputed from the other 12 Data1 passes
leave_one_pass_out,P03,accel,T,4.4517695660707775,27.14786786772909,8.534507577617335,480,12,recomputed from the other 12 Data1 passes
leave_one_pass_out,P03,accel,h,-6.057279717990998,6.3156642109966254,-0.17014313747389426,480,12,recomputed from the other 12 Data1 passes
leave_one_pass_out,P03,accel,S,1.3713290517726988,8.686588226103531,5.025555113413509,480,12,recomputed from the other 12 Data1 passes
leave_one_pass_out,P03,decel,T,4.624058362673023,27.33483247715142,8.539120728769998,480,12,recomputed from the other 12 Data1 passes
leave_one_pass_out,P03,decel,h,-1.7271834569193827,4.106338556572308,0.0510465468419373,480,12,recomputed from the other 12 Data1 passes
leave_one_pass_out,P03,decel,S,1.7058525970418053,6.755336236964657,2.641604775203043,480,12,recomputed from the other 12 Data1 passes
leave_one_pass_out,P03,steady,T,4.520266145202244,17.616147791449862,8.418099582194658,12186,12,recomputed from the other 12 Data1 passes
leave_one_pass_out,P03,steady,h,-1.0079037684876482,1.0396883841583464,-0.010045645917706018,12186,12,recomputed from the other 12 Data1 passes
leave_one_pass_out,P03,steady,S,1.0654637512364193,6.4580609632407295,2.054657525731227,12186,12,recomputed from the other 12 Data1 passes
leave_one_pass_out,P04,accel,T,4.215360318619759,27.14786786772909,8.534507577617335,480,12,recomputed from the other 12 Data1 passes
leave_one_pass_out,P04,accel,h,-6.16702065221914,6.3156642109966254,-0.24178033413175012,480,12,recomputed from the other 12 Data1 passes
leave_one_pass_out,P04,accel,S,1.3713290517726988,8.686588226103531,5.083593110779972,480,12,recomputed from the other 12 Data1 passes
leave_one_pass_out,P04,decel,T,4.615185750883898,27.33483247715142,8.539120728769998,480,12,recomputed from the other 12 Data1 passes
leave_one_pass_out,P04,decel,h,-1.54222390599566,3.27259205629534,0.0510465468419373,480,12,recomputed from the other 12 Data1 passes
leave_one_pass_out,P04,decel,S,1.7058525970418053,6.755336236964657,3.11870460922,480,12,recomputed from the other 12 Data1 passes
leave_one_pass_out,P04,steady,T,4.330633016231232,17.628992005766076,8.450748647251995,11780,12,recomputed from the other 12 Data1 passes
leave_one_pass_out,P04,steady,h,-1.0114886716927656,1.042299727199184,-0.010813163128770821,11780,12,recomputed from the other 12 Data1 passes
leave_one_pass_out,P04,steady,S,1.0652674728798361,6.5020214692645855,2.4537800990596343,11780,12,recomputed from the other 12 Data1 passes
leave_one_pass_out,P12,accel,T,4.14135399359249,27.14786786772909,8.519159381587329,480,12,recomputed from the other 12 Data1 passes
leave_one_pass_out,P12,accel,h,-6.086458598916915,6.3156642109966254,-0.09829440879065104,480,12,recomputed from the other 12 Data1 passes
leave_one_pass_out,P12,accel,S,1.3713290517726988,8.686588226103531,5.097524347381881,480,12,recomputed from the other 12 Data1 passes
leave_one_pass_out,P12,decel,T,4.615185750883898,27.33483247715142,8.539120728769998,480,12,recomputed from the other 12 Data1 passes
leave_one_pass_out,P12,decel,h,-1.7271834569193827,4.106338556572308,0.06401291597544269,480,12,recomputed from the other 12 Data1 passes
leave_one_pass_out,P12,decel,S,1.7058525970418053,6.755336236964657,3.11870460922,480,12,recomputed from the other 12 Data1 passes
leave_one_pass_out,P12,steady,T,4.335234712127805,17.60766251915733,8.40576887130733,12258,12,recomputed from the other 12 Data1 passes
leave_one_pass_out,P12,steady,h,-1.0294643607945713,1.057460235909879,-0.008360835347019573,12258,12,recomputed from the other 12 Data1 passes
leave_one_pass_out,P12,steady,S,1.1653584729445792,6.449919462178159,2.3922600289840017,12258,12,recomputed from the other 12 Data1 passes
leave_one_pass_out,P13,accel,T,4.14135399359249,27.14786786772909,8.264267320433326,480,12,recomputed from the other 12 Data1 passes
leave_one_pass_out,P13,accel,h,-6.16702065221914,5.434321920920191,-0.1836243588819249,480,12,recomputed from the other 12 Data1 passes
leave_one_pass_out,P13,accel,S,1.3713290517726988,8.686588226103531,4.863762472936523,480,12,recomputed from the other 12 Data1 passes
leave_one_pass_out,P13,decel,T,4.615185750883898,27.33483247715142,8.300843462347338,480,12,recomputed from the other 12 Data1 passes
leave_one_pass_out,P13,decel,h,-1.7271834569193827,2.823687428104829,0.06700442309392603,480,12,recomputed from the other 12 Data1 passes
leave_one_pass_out,P13,decel,S,1.7058525970418053,6.755336236964657,3.11870460922,480,12,recomputed from the other 12 Data1 passes
leave_one_pass_out,P13,steady,T,4.32918411833719,17.62689546590187,6.502055188643859,11879,12,recomputed from the other 12 Data1 passes
leave_one_pass_out,P13,steady,h,-1.042481303211628,1.089622488925859,-0.0056785495658667594,11879,12,recomputed from the other 12 Data1 passes
leave_one_pass_out,P13,steady,S,1.0634763750812617,6.485813697182225,2.4006111191324826,11879,12,recomputed from the other 12 Data1 passes
leave_one_pass_out,P14,accel,T,4.14135399359249,27.14786786772909,8.192682762939995,480,12,recomputed from the other 12 Data1 passes
leave_one_pass_out,P14,accel,h,-6.16702065221914,6.1956712552487545,-0.25667472947692327,480,12,recomputed from the other 12 Data1 passes
leave_one_pass_out,P14,accel,S,2.2627250133174788,8.686588226103531,5.097524347381881,480,12,recomputed from the other 12 Data1 passes
leave_one_pass_out,P14,decel,T,4.615185750883898,27.33483247715142,8.27977694570933,480,12,recomputed from the other 12 Data1 passes
leave_one_pass_out,P14,decel,h,-1.670197064784285,4.106338556572308,0.0235519131213354,480,12,recomputed from the other 12 Data1 passes
leave_one_pass_out,P14,decel,S,1.9336231480071147,6.755336236964657,3.11870460922,480,12,recomputed from the other 12 Data1 passes
leave_one_pass_out,P14,steady,T,4.320264493076606,17.692623962793686,6.184624176590017,11490,12,recomputed from the other 12 Data1 passes
leave_one_pass_out,P14,steady,h,-1.0578401236335078,1.0051672536750775,-0.02191953512687085,11490,12,recomputed from the other 12 Data1 passes
leave_one_pass_out,P14,steady,S,1.0626412282588642,6.5167748030651405,2.2893589595038244,11490,12,recomputed from the other 12 Data1 passes
leave_one_pass_out,P21,accel,T,4.14135399359249,17.429584061471886,8.192682762939995,480,12,recomputed from the other 12 Data1 passes
leave_one_pass_out,P21,accel,h,-6.16702065221914,6.3156642109966254,-0.2096636527745042,480,12,recomputed from the other 12 Data1 passes
leave_one_pass_out,P21,accel,S,1.3713290517726988,8.686588226103531,4.955658657961858,480,12,recomputed from the other 12 Data1 passes
leave_one_pass_out,P21,decel,T,4.615185750883898,17.45971284624284,8.27977694570933,480,12,recomputed from the other 12 Data1 passes
leave_one_pass_out,P21,decel,h,-1.7271834569193827,4.106338556572308,0.08777422722234482,480,12,recomputed from the other 12 Data1 passes
leave_one_pass_out,P21,decel,S,1.7058525970418053,6.755336236964657,2.641604775203043,480,12,recomputed from the other 12 Data1 passes
leave_one_pass_out,P21,steady,T,4.349631183642089,17.02827113625769,8.183946957190003,13308,12,recomputed from the other 12 Data1 passes
leave_one_pass_out,P21,steady,h,-1.0426423364597426,1.070274549510225,-0.009062012162353892,13308,12,recomputed from the other 12 Data1 passes
leave_one_pass_out,P21,steady,S,1.073752948061205,6.379734792430122,2.19744453949751,13308,12,recomputed from the other 12 Data1 passes
leave_one_pass_out,P22,accel,T,4.14135399359249,27.14786786772909,8.192682762939995,480,12,recomputed from the other 12 Data1 passes
leave_one_pass_out,P22,accel,h,-6.16702065221914,6.270745468651754,-0.16059116854100342,480,12,recomputed from the other 12 Data1 passes
leave_one_pass_out,P22,accel,S,1.3713290517726988,8.686588226103531,5.005936292168942,480,12,recomputed from the other 12 Data1 passes
leave_one_pass_out,P22,decel,T,4.615185750883898,27.33483247715142,8.27977694570933,480,12,recomputed from the other 12 Data1 passes
leave_one_pass_out,P22,decel,h,-1.3535603547985091,4.106338556572308,0.07923058039004272,480,12,recomputed from the other 12 Data1 passes
leave_one_pass_out,P22,decel,S,1.7058525970418053,6.755336236964657,2.90493789251026,480,12,recomputed from the other 12 Data1 passes
leave_one_pass_out,P22,steady,T,4.348750985760306,12.797781445644013,8.179110288619338,13212,12,recomputed from the other 12 Data1 passes
leave_one_pass_out,P22,steady,h,-1.0420307543338492,1.069958669936338,-0.009591221256073307,13212,12,recomputed from the other 12 Data1 passes
leave_one_pass_out,P22,steady,S,1.0729289445262302,6.386280781849656,2.184054229736518,13212,12,recomputed from the other 12 Data1 passes
leave_one_pass_out,P23,accel,T,4.14135399359249,27.14786786772909,8.192682762939995,480,12,recomputed from the other 12 Data1 passes
leave_one_pass_out,P23,accel,h,-5.594941913573501,6.3156642109966254,-0.14898393017297784,480,12,recomputed from the other 12 Data1 passes
leave_one_pass_out,P23,accel,S,1.3713290517726988,7.2216050391551105,4.808213642806336,480,12,recomputed from the other 12 Data1 passes
leave_one_pass_out,P23,decel,T,4.615185750883898,27.33483247715142,8.27977694570933,480,12,recomputed from the other 12 Data1 passes
leave_one_pass_out,P23,decel,h,-1.7271834569193827,4.106338556572308,0.04883995052909135,480,12,recomputed from the other 12 Data1 passes
leave_one_pass_out,P23,decel,S,1.7058525970418053,6.483560040593051,2.641604775203043,480,12,recomputed from the other 12 Data1 passes
leave_one_pass_out,P23,steady,T,4.3484160873568936,17.536109120505493,8.173658947149331,13085,12,recomputed from the other 12 Data1 passes
leave_one_pass_out,P23,steady,h,-1.0489152639440034,1.0718856655574382,-0.010042076842860334,13085,12,recomputed from the other 12 Data1 passes
leave_one_pass_out,P23,steady,S,1.0726150392711036,5.473018047453268,2.1673070315362084,13085,12,recomputed from the other 12 Data1 passes
leave_one_pass_out,P24,accel,T,4.14135399359249,27.14786786772909,8.192682762939995,480,12,recomputed from the other 12 Data1 passes
leave_one_pass_out,P24,accel,h,-6.057279717990998,6.3156642109966254,-0.20564913698582074,480,12,recomputed from the other 12 Data1 passes
leave_one_pass_out,P24,accel,S,1.3713290517726988,8.686588226103531,4.808213642806336,480,12,recomputed from the other 12 Data1 passes
leave_one_pass_out,P24,decel,T,4.615185750883898,27.33483247715142,8.27977694570933,480,12,recomputed from the other 12 Data1 passes
leave_one_pass_out,P24,decel,h,-1.7271834569193827,3.27259205629534,0.0510465468419373,480,12,recomputed from the other 12 Data1 passes
leave_one_pass_out,P24,decel,S,1.7058525970418053,6.582488176609772,2.641604775203043,480,12,recomputed from the other 12 Data1 passes
leave_one_pass_out,P24,steady,T,4.347666105102714,17.550472390719612,8.167301118373336,12943,12,recomputed from the other 12 Data1 passes
leave_one_pass_out,P24,steady,h,-1.0509395466485612,1.073483138153824,-0.010812350164816457,12943,12,recomputed from the other 12 Data1 passes
leave_one_pass_out,P24,steady,S,1.0715200602899053,6.399749213027231,2.1473657142145797,12943,12,recomputed from the other 12 Data1 passes
leave_one_pass_out,P25,accel,T,4.14135399359249,27.14786786772909,8.217875038583331,480,12,recomputed from the other 12 Data1 passes
leave_one_pass_out,P25,accel,h,-6.16702065221914,6.269634815272781,-0.212441596943949,480,12,recomputed from the other 12 Data1 passes
leave_one_pass_out,P25,accel,S,1.3713290517726988,8.585137372221153,4.808213642806336,480,12,recomputed from the other 12 Data1 passes
leave_one_pass_out,P25,decel,T,4.615185750883898,27.33483247715142,8.283048992354669,480,12,recomputed from the other 12 Data1 passes
leave_one_pass_out,P25,decel,h,-1.54222390599566,3.27259205629534,0.05467870363848786,480,12,recomputed from the other 12 Data1 passes
leave_one_pass_out,P25,decel,S,1.7058525970418053,6.755336236964657,2.641604775203043,480,12,recomputed from the other 12 Data1 passes
leave_one_pass_out,P25,steady,T,4.344162245325556,17.555001240460513,8.159238969285333,12766,12,recomputed from the other 12 Data1 passes
leave_one_pass_out,P25,steady,h,-1.0606785462298518,1.0779115578494292,-0.011719920237323687,12766,12,recomputed from the other 12 Data1 passes
leave_one_pass_out,P25,steady,S,1.0700149141661914,6.36688602205791,2.125260373651109,12766,12,recomputed from the other 12 Data1 passes
leave_one_pass_out,P26,accel,T,4.3758890161245905,27.14786786772909,8.534507577617335,480,12,recomputed from the other 12 Data1 passes
leave_one_pass_out,P26,accel,h,-6.057279717990998,6.3156642109966254,-0.2492554438448237,480,12,recomputed from the other 12 Data1 passes
leave_one_pass_out,P26,accel,S,1.3713290517726988,8.686588226103531,4.80957292076574,480,12,recomputed from the other 12 Data1 passes
leave_one_pass_out,P26,decel,T,4.635343044438303,27.33483247715142,8.539120728769998,480,12,recomputed from the other 12 Data1 passes
leave_one_pass_out,P26,decel,h,-1.7271834569193827,3.1434228078601953,0.08622055711397986,480,12,recomputed from the other 12 Data1 passes
leave_one_pass_out,P26,decel,S,1.7058525970418053,6.755336236964657,2.641604775203043,480,12,recomputed from the other 12 Data1 passes
leave_one_pass_out,P26,steady,T,4.377627142141607,17.579515485406343,8.282691985367993,12575,12,recomputed from the other 12 Data1 passes
leave_one_pass_out,P26,steady,h,-1.0628345633045813,1.081758680833189,-0.012655404002523579,12575,12,recomputed from the other 12 Data1 passes
leave_one_pass_out,P26,steady,S,1.0688980629244351,6.43119841949759,2.0996105249142385,12575,12,recomputed from the other 12 Data1 passes
