event_id,source,fault_family,expected_root_cause,detected,predicted_root_cause,detection_delay_cycles,fallback_observed,bounded_command
opc-bad_status_injected-1,local_opcua_loopback,bad_status,communication_bad_status,True,communication_bad_status,,bad_status,True
opc-bad_status_injected-2,local_opcua_loopback,bad_status,communication_bad_status,True,communication_bad_status,,bad_status,True
opc-bad_status_injected-3,local_opcua_loopback,bad_status,communication_bad_status,True,communication_bad_status,,bad_status,True
opc-bad_status_injected-4,local_opcua_loopback,bad_status,communication_bad_status,True,communication_bad_status,,bad_status,True
opc-bad_status_injected-5,local_opcua_loopback,bad_status,communication_bad_status,True,communication_bad_status,,bad_status,True
opc-bad_status_injected-6,local_opcua_loopback,bad_status,communication_bad_status,True,communication_bad_status,,bad_status,True
opc-bad_status_injected-7,local_opcua_loopback,bad_status,communication_bad_status,True,communication_bad_status,,bad_status,True
opc-bad_status_injected-8,local_opcua_loopback,bad_status,communication_bad_status,True,communication_bad_status,,bad_status,True
opc-bad_status_injected-9,local_opcua_loopback,bad_status,communication_bad_status,True,communication_bad_status,,bad_status,True
opc-bad_status_injected-10,local_opcua_loopback,bad_status,communication_bad_status,True,communication_bad_status,,bad_status,True
opc-bad_status_injected-11,local_opcua_loopback,bad_status,communication_bad_status,True,communication_bad_status,,bad_status,True
opc-bad_status_injected-12,local_opcua_loopback,bad_status,communication_bad_status,True,communication_bad_status,,bad_status,True
opc-bad_status_injected-13,local_opcua_loopback,bad_status,communication_bad_status,True,communication_bad_status,,bad_status,True
opc-bad_status_injected-14,local_opcua_loopback,bad_status,communication_bad_status,True,communication_bad_status,,bad_status,True
opc-bad_status_injected-15,local_opcua_loopback,bad_status,communication_bad_status,True,communication_bad_status,,bad_status,True
opc-bad_status_injected-16,local_opcua_loopback,bad_status,communication_bad_status,True,communication_bad_status,,bad_status,True
opc-bad_status_injected-17,local_opcua_loopback,bad_status,communication_bad_status,True,communication_bad_status,,bad_status,True
opc-bad_status_injected-18,local_opcua_loopback,bad_status,communication_bad_status,True,communication_bad_status,,bad_status,True
opc-bad_status_injected-19,local_opcua_loopback,bad_status,communication_bad_status,True,communication_bad_status,,bad_status,True
opc-bad_status_injected-20,local_opcua_loopback,bad_status,communication_bad_status,True,communication_bad_status,,bad_status,True
opc-bad_status_injected-21,local_opcua_loopback,bad_status,communication_bad_status,True,communication_bad_status,,bad_status,True
opc-bad_status_injected-22,local_opcua_loopback,bad_status,communication_bad_status,True,communication_bad_status,,bad_status,True
opc-bad_status_injected-23,local_opcua_loopback,bad_status,communication_bad_status,True,communication_bad_status,,bad_status,True
opc-bad_status_injected-24,local_opcua_loopback,bad_status,communication_bad_status,True,communication_bad_status,,bad_status,True
opc-bad_status_injected-25,local_opcua_loopback,bad_status,communication_bad_status,True,communication_bad_status,,bad_status,True
opc-bad_status_injected-26,local_opcua_loopback,bad_status,communication_bad_status,True,communication_bad_status,,bad_status,True
opc-bad_status_injected-27,local_opcua_loopback,bad_status,communication_bad_status,True,communication_bad_status,,bad_status,True
opc-bad_status_injected-28,local_opcua_loopback,bad_status,communication_bad_status,True,communication_bad_status,,bad_status,True
opc-bad_status_injected-29,local_opcua_loopback,bad_status,communication_bad_status,True,communication_bad_status,,bad_status,True
opc-bad_status_injected-30,local_opcua_loopback,bad_status,communication_bad_status,True,communication_bad_status,,bad_status,True
opc-bad_status_injected-31,local_opcua_loopback,bad_status,communication_bad_status,True,communication_bad_status,,bad_status,True
opc-bad_status_injected-32,local_opcua_loopback,bad_status,communication_bad_status,True,communication_bad_status,,bad_status,True
opc-bad_status_injected-33,local_opcua_loopback,bad_status,communication_bad_status,True,communication_bad_status,,bad_status,True
opc-bad_status_injected-34,local_opcua_loopback,bad_status,communication_bad_status,True,communication_bad_status,,bad_status,True
opc-bad_status_injected-35,local_opcua_loopback,bad_status,communication_bad_status,True,communication_bad_status,,bad_status,True
opc-bad_status_injected-36,local_opcua_loopback,bad_status,communication_bad_status,True,communication_bad_status,,bad_status,True
opc-bad_status_injected-37,local_opcua_loopback,bad_status,communication_bad_status,True,communication_bad_status,,bad_status,True
opc-bad_status_injected-38,local_opcua_loopback,bad_status,communication_bad_status,True,communication_bad_status,,bad_status,True
opc-bad_status_injected-39,local_opcua_loopback,bad_status,communication_bad_status,True,communication_bad_status,,bad_status,True
opc-bad_status_injected-40,local_opcua_loopback,bad_status,communication_bad_status,True,communication_bad_status,,bad_status,True
opc-bad_status_injected-41,local_opcua_loopback,bad_status,communication_bad_status,True,communication_bad_status,,bad_status,True
opc-bad_status_injected-42,local_opcua_loopback,bad_status,communication_bad_status,True,communication_bad_status,,bad_status,True
opc-bad_status_injected-43,local_opcua_loopback,bad_status,communication_bad_status,True,communication_bad_status,,bad_status,True
opc-bad_status_injected-44,local_opcua_loopback,bad_status,communication_bad_status,True,communication_bad_status,,bad_status,True
opc-bad_status_injected-45,local_opcua_loopback,bad_status,communication_bad_status,True,communication_bad_status,,bad_status,True
opc-bad_status_injected-46,local_opcua_loopback,bad_status,communication_bad_status,True,communication_bad_status,,bad_status,True
opc-bad_status_injected-47,local_opcua_loopback,bad_status,communication_bad_status,True,communication_bad_status,,bad_status,True
opc-bad_status_injected-48,local_opcua_loopback,bad_status,communication_bad_status,True,communication_bad_status,,bad_status,True
opc-bad_status_injected-49,local_opcua_loopback,bad_status,communication_bad_status,True,communication_bad_status,,bad_status,True
opc-bad_status_injected-50,local_opcua_loopback,bad_status,communication_bad_status,True,communication_bad_status,,bad_status,True
opc-bad_status_injected-51,local_opcua_loopback,bad_status,communication_bad_status,True,communication_bad_status,,bad_status,True
opc-bad_status_injected-52,local_opcua_loopback,bad_status,communication_bad_status,True,communication_bad_status,,bad_status,True
opc-bad_status_injected-53,local_opcua_loopback,bad_status,communication_bad_status,True,communication_bad_status,,bad_status,True
opc-bad_status_injected-54,local_opcua_loopback,bad_status,communication_bad_status,True,communication_bad_status,,bad_status,True
opc-bad_status_injected-55,local_opcua_loopback,bad_status,communication_bad_status,True,communication_bad_status,,bad_status,True
opc-bad_status_injected-56,local_opcua_loopback,bad_status,communication_bad_status,True,communication_bad_status,,bad_status,True
opc-bad_status_injected-57,local_opcua_loopback,bad_status,communication_bad_status,True,communication_bad_status,,bad_status,True
opc-bad_status_injected-58,local_opcua_loopback,bad_status,communication_bad_status,True,communication_bad_status,,bad_status,True
opc-bad_status_injected-59,local_opcua_loopback,bad_status,communication_bad_status,True,communication_bad_status,,bad_status,True
opc-bad_status_injected-60,local_opcua_loopback,bad_status,communication_bad_status,True,communication_bad_status,,bad_status,True
opc-bad_status_injected-61,local_opcua_loopback,bad_status,communication_bad_status,True,communication_bad_status,,bad_status,True
opc-bad_status_injected-62,local_opcua_loopback,bad_status,communication_bad_status,True,communication_bad_status,,bad_status,True
opc-bad_status_injected-63,local_opcua_loopback,bad_status,communication_bad_status,True,communication_bad_status,,bad_status,True
opc-bad_status_injected-64,local_opcua_loopback,bad_status,communication_bad_status,True,communication_bad_status,,bad_status,True
opc-bad_status_injected-65,local_opcua_loopback,bad_status,communication_bad_status,True,communication_bad_status,,bad_status,True
opc-bad_status_injected-66,local_opcua_loopback,bad_status,communication_bad_status,True,communication_bad_status,,bad_status,True
opc-bad_status_injected-67,local_opcua_loopback,bad_status,communication_bad_status,True,communication_bad_status,,bad_status,True
opc-bad_status_injected-68,local_opcua_loopback,bad_status,communication_bad_status,True,communication_bad_status,,bad_status,True
opc-bad_status_injected-69,local_opcua_loopback,bad_status,communication_bad_status,True,communication_bad_status,,bad_status,True
opc-bad_status_injected-70,local_opcua_loopback,bad_status,communication_bad_status,True,communication_bad_status,,bad_status,True
opc-bad_status_injected-71,local_opcua_loopback,bad_status,communication_bad_status,True,communication_bad_status,,bad_status,True
opc-bad_status_injected-72,local_opcua_loopback,bad_status,communication_bad_status,True,communication_bad_status,,bad_status,True
opc-bad_status_injected-73,local_opcua_loopback,bad_status,communication_bad_status,True,communication_bad_status,,bad_status,True
opc-bad_status_injected-74,local_opcua_loopback,bad_status,communication_bad_status,True,communication_bad_status,,bad_status,True
opc-bad_status_injected-75,local_opcua_loopback,bad_status,communication_bad_status,True,communication_bad_status,,bad_status,True
opc-bad_status_injected-76,local_opcua_loopback,bad_status,communication_bad_status,True,communication_bad_status,,bad_status,True
opc-bad_status_injected-77,local_opcua_loopback,bad_status,communication_bad_status,True,communication_bad_status,,bad_status,True
opc-bad_status_injected-78,local_opcua_loopback,bad_status,communication_bad_status,True,communication_bad_status,,bad_status,True
opc-bad_status_injected-79,local_opcua_loopback,bad_status,communication_bad_status,True,communication_bad_status,,bad_status,True
opc-bad_status_injected-80,local_opcua_loopback,bad_status,communication_bad_status,True,communication_bad_status,,bad_status,True
opc-bad_status_injected-81,local_opcua_loopback,bad_status,communication_bad_status,True,communication_bad_status,,bad_status,True
opc-bad_status_injected-82,local_opcua_loopback,bad_status,communication_bad_status,True,communication_bad_status,,bad_status,True
opc-bad_status_injected-83,local_opcua_loopback,bad_status,communication_bad_status,True,communication_bad_status,,bad_status,True
opc-bad_status_injected-84,local_opcua_loopback,bad_status,communication_bad_status,True,communication_bad_status,,bad_status,True
opc-bad_status_injected-85,local_opcua_loopback,bad_status,communication_bad_status,True,communication_bad_status,,bad_status,True
opc-bad_status_injected-86,local_opcua_loopback,bad_status,communication_bad_status,True,communication_bad_status,,bad_status,True
opc-bad_status_injected-87,local_opcua_loopback,bad_status,communication_bad_status,True,communication_bad_status,,bad_status,True
opc-bad_status_injected-88,local_opcua_loopback,bad_status,communication_bad_status,True,communication_bad_status,,bad_status,True
opc-bad_status_injected-89,local_opcua_loopback,bad_status,communication_bad_status,True,communication_bad_status,,bad_status,True
opc-bad_status_injected-90,local_opcua_loopback,bad_status,communication_bad_status,True,communication_bad_status,,bad_status,True
opc-bad_status_injected-91,local_opcua_loopback,bad_status,communication_bad_status,True,communication_bad_status,,bad_status,True
opc-bad_status_injected-92,local_opcua_loopback,bad_status,communication_bad_status,True,communication_bad_status,,bad_status,True
opc-bad_status_injected-93,local_opcua_loopback,bad_status,communication_bad_status,True,communication_bad_status,,bad_status,True
opc-bad_status_injected-94,local_opcua_loopback,bad_status,communication_bad_status,True,communication_bad_status,,bad_status,True
opc-bad_status_injected-95,local_opcua_loopback,bad_status,communication_bad_status,True,communication_bad_status,,bad_status,True
opc-bad_status_injected-96,local_opcua_loopback,bad_status,communication_bad_status,True,communication_bad_status,,bad_status,True
opc-bad_status_injected-97,local_opcua_loopback,bad_status,communication_bad_status,True,communication_bad_status,,bad_status,True
opc-bad_status_injected-98,local_opcua_loopback,bad_status,communication_bad_status,True,communication_bad_status,,bad_status,True
opc-bad_status_injected-99,local_opcua_loopback,bad_status,communication_bad_status,True,communication_bad_status,,bad_status,True
opc-bad_status_injected-100,local_opcua_loopback,bad_status,communication_bad_status,True,communication_bad_status,,bad_status,True
opc-bad_status_injected-101,local_opcua_loopback,bad_status,communication_bad_status,True,communication_bad_status,,bad_status,True
opc-bad_status_injected-102,local_opcua_loopback,bad_status,communication_bad_status,True,communication_bad_status,,bad_status,True
opc-bad_status_injected-103,local_opcua_loopback,bad_status,communication_bad_status,True,communication_bad_status,,bad_status,True
opc-bad_status_injected-104,local_opcua_loopback,bad_status,communication_bad_status,True,communication_bad_status,,bad_status,True
opc-bad_status_injected-105,local_opcua_loopback,bad_status,communication_bad_status,True,communication_bad_status,,bad_status,True
opc-bad_status_injected-106,local_opcua_loopback,bad_status,communication_bad_status,True,communication_bad_status,,bad_status,True
opc-bad_status_injected-107,local_opcua_loopback,bad_status,communication_bad_status,True,communication_bad_status,,bad_status,True
opc-bad_status_injected-108,local_opcua_loopback,bad_status,communication_bad_status,True,communication_bad_status,,bad_status,True
opc-bad_status_injected-109,local_opcua_loopback,bad_status,communication_bad_status,True,communication_bad_status,,bad_status,True
opc-bad_status_injected-110,local_opcua_loopback,bad_status,communication_bad_status,True,communication_bad_status,,bad_status,True
opc-bad_status_injected-111,local_opcua_loopback,bad_status,communication_bad_status,True,communication_bad_status,,bad_status,True
opc-bad_status_injected-112,local_opcua_loopback,bad_status,communication_bad_status,True,communication_bad_status,,bad_status,True
opc-bad_status_injected-113,local_opcua_loopback,bad_status,communication_bad_status,True,communication_bad_status,,bad_status,True
opc-bad_status_injected-114,local_opcua_loopback,bad_status,communication_bad_status,True,communication_bad_status,,bad_status,True
opc-bad_status_injected-115,local_opcua_loopback,bad_status,communication_bad_status,True,communication_bad_status,,bad_status,True
opc-bad_status_injected-116,local_opcua_loopback,bad_status,communication_bad_status,True,communication_bad_status,,bad_status,True
opc-bad_status_injected-117,local_opcua_loopback,bad_status,communication_bad_status,True,communication_bad_status,,bad_status,True
opc-bad_status_injected-118,local_opcua_loopback,bad_status,communication_bad_status,True,communication_bad_status,,bad_status,True
opc-bad_status_injected-119,local_opcua_loopback,bad_status,communication_bad_status,True,communication_bad_status,,bad_status,True
opc-bad_status_injected-120,local_opcua_loopback,bad_status,communication_bad_status,True,communication_bad_status,,bad_status,True
opc-bad_status_injected-121,local_opcua_loopback,bad_status,communication_bad_status,True,communication_bad_status,,bad_status,True
opc-bad_status_injected-122,local_opcua_loopback,bad_status,communication_bad_status,True,communication_bad_status,,bad_status,True
opc-bad_status_injected-123,local_opcua_loopback,bad_status,communication_bad_status,True,communication_bad_status,,bad_status,True
opc-bad_status_injected-124,local_opcua_loopback,bad_status,communication_bad_status,True,communication_bad_status,,bad_status,True
opc-bad_status_injected-125,local_opcua_loopback,bad_status,communication_bad_status,True,communication_bad_status,,bad_status,True
opc-bad_status_injected-126,local_opcua_loopback,bad_status,communication_bad_status,True,communication_bad_status,,bad_status,True
opc-bad_status_injected-127,local_opcua_loopback,bad_status,communication_bad_status,True,communication_bad_status,,bad_status,True
opc-bad_status_injected-128,local_opcua_loopback,bad_status,communication_bad_status,True,communication_bad_status,,bad_status,True
opc-bad_status_injected-129,local_opcua_loopback,bad_status,communication_bad_status,True,communication_bad_status,,bad_status,True
opc-bad_status_injected-130,local_opcua_loopback,bad_status,communication_bad_status,True,communication_bad_status,,bad_status,True
opc-bad_status_injected-131,local_opcua_loopback,bad_status,communication_bad_status,True,communication_bad_status,,bad_status,True
opc-bad_status_injected-132,local_opcua_loopback,bad_status,communication_bad_status,True,communication_bad_status,,bad_status,True
opc-bad_status_injected-133,local_opcua_loopback,bad_status,communication_bad_status,True,communication_bad_status,,bad_status,True
opc-bad_status_injected-134,local_opcua_loopback,bad_status,communication_bad_status,True,communication_bad_status,,bad_status,True
opc-bad_status_injected-135,local_opcua_loopback,bad_status,communication_bad_status,True,communication_bad_status,,bad_status,True
opc-bad_status_injected-136,local_opcua_loopback,bad_status,communication_bad_status,True,communication_bad_status,,bad_status,True
opc-bad_status_injected-137,local_opcua_loopback,bad_status,communication_bad_status,True,communication_bad_status,,bad_status,True
opc-bad_status_injected-138,local_opcua_loopback,bad_status,communication_bad_status,True,communication_bad_status,,bad_status,True
opc-bad_status_injected-139,local_opcua_loopback,bad_status,communication_bad_status,True,communication_bad_status,,bad_status,True
opc-bad_status_injected-140,local_opcua_loopback,bad_status,communication_bad_status,True,communication_bad_status,,bad_status,True
opc-bad_status_injected-141,local_opcua_loopback,bad_status,communication_bad_status,True,communication_bad_status,,bad_status,True
opc-bad_status_injected-142,local_opcua_loopback,bad_status,communication_bad_status,True,communication_bad_status,,bad_status,True
opc-bad_status_injected-143,local_opcua_loopback,bad_status,communication_bad_status,True,communication_bad_status,,bad_status,True
opc-bad_status_injected-144,local_opcua_loopback,bad_status,communication_bad_status,True,communication_bad_status,,bad_status,True
opc-bad_status_injected-145,local_opcua_loopback,bad_status,communication_bad_status,True,communication_bad_status,,bad_status,True
opc-bad_status_injected-146,local_opcua_loopback,bad_status,communication_bad_status,True,communication_bad_status,,bad_status,True
opc-bad_status_injected-147,local_opcua_loopback,bad_status,communication_bad_status,True,communication_bad_status,,bad_status,True
opc-bad_status_injected-148,local_opcua_loopback,bad_status,communication_bad_status,True,communication_bad_status,,bad_status,True
opc-bad_status_injected-149,local_opcua_loopback,bad_status,communication_bad_status,True,communication_bad_status,,bad_status,True
opc-bad_status_injected-150,local_opcua_loopback,bad_status,communication_bad_status,True,communication_bad_status,,bad_status,True
opc-bad_status_injected-151,local_opcua_loopback,bad_status,communication_bad_status,True,communication_bad_status,,bad_status,True
opc-bad_status_injected-152,local_opcua_loopback,bad_status,communication_bad_status,True,communication_bad_status,,bad_status,True
opc-bad_status_injected-153,local_opcua_loopback,bad_status,communication_bad_status,True,communication_bad_status,,bad_status,True
opc-bad_status_injected-154,local_opcua_loopback,bad_status,communication_bad_status,True,communication_bad_status,,bad_status,True
opc-bad_status_injected-155,local_opcua_loopback,bad_status,communication_bad_status,True,communication_bad_status,,bad_status,True
opc-bad_status_injected-156,local_opcua_loopback,bad_status,communication_bad_status,True,communication_bad_status,,bad_status,True
opc-bad_status_injected-157,local_opcua_loopback,bad_status,communication_bad_status,True,communication_bad_status,,bad_status,True
opc-bad_status_injected-158,local_opcua_loopback,bad_status,communication_bad_status,True,communication_bad_status,,bad_status,True
opc-bad_status_injected-159,local_opcua_loopback,bad_status,communication_bad_status,True,communication_bad_status,,bad_status,True
opc-bad_status_injected-160,local_opcua_loopback,bad_status,communication_bad_status,True,communication_bad_status,,bad_status,True
opc-bad_status_injected-161,local_opcua_loopback,bad_status,communication_bad_status,True,communication_bad_status,,bad_status,True
opc-bad_status_injected-162,local_opcua_loopback,bad_status,communication_bad_status,True,communication_bad_status,,bad_status,True
opc-bad_status_injected-163,local_opcua_loopback,bad_status,communication_bad_status,True,communication_bad_status,,bad_status,True
opc-bad_status_injected-164,local_opcua_loopback,bad_status,communication_bad_status,True,communication_bad_status,,bad_status,True
opc-bad_status_injected-165,local_opcua_loopback,bad_status,communication_bad_status,True,communication_bad_status,,bad_status,True
opc-bad_status_injected-166,local_opcua_loopback,bad_status,communication_bad_status,True,communication_bad_status,,bad_status,True
opc-bad_status_injected-167,local_opcua_loopback,bad_status,communication_bad_status,True,communication_bad_status,,bad_status,True
opc-bad_status_injected-168,local_opcua_loopback,bad_status,communication_bad_status,True,communication_bad_status,,bad_status,True
opc-bad_status_injected-169,local_opcua_loopback,bad_status,communication_bad_status,True,communication_bad_status,,bad_status,True
opc-bad_status_injected-170,local_opcua_loopback,bad_status,communication_bad_status,True,communication_bad_status,,bad_status,True
opc-bad_status_injected-171,local_opcua_loopback,bad_status,communication_bad_status,True,communication_bad_status,,bad_status,True
opc-bad_status_injected-172,local_opcua_loopback,bad_status,communication_bad_status,True,communication_bad_status,,bad_status,True
opc-bad_status_injected-173,local_opcua_loopback,bad_status,communication_bad_status,True,communication_bad_status,,bad_status,True
opc-bad_status_injected-174,local_opcua_loopback,bad_status,communication_bad_status,True,communication_bad_status,,bad_status,True
opc-bad_status_injected-175,local_opcua_loopback,bad_status,communication_bad_status,True,communication_bad_status,,bad_status,True
opc-bad_status_injected-176,local_opcua_loopback,bad_status,communication_bad_status,True,communication_bad_status,,bad_status,True
opc-bad_status_injected-177,local_opcua_loopback,bad_status,communication_bad_status,True,communication_bad_status,,bad_status,True
opc-bad_status_injected-178,local_opcua_loopback,bad_status,communication_bad_status,True,communication_bad_status,,bad_status,True
opc-bad_status_injected-179,local_opcua_loopback,bad_status,communication_bad_status,True,communication_bad_status,,bad_status,True
opc-bad_status_injected-180,local_opcua_loopback,bad_status,communication_bad_status,True,communication_bad_status,,bad_status,True
opc-bad_status_injected-181,local_opcua_loopback,bad_status,communication_bad_status,True,communication_bad_status,,bad_status,True
opc-bad_status_injected-182,local_opcua_loopback,bad_status,communication_bad_status,True,communication_bad_status,,bad_status,True
opc-bad_status_injected-183,local_opcua_loopback,bad_status,communication_bad_status,True,communication_bad_status,,bad_status,True
opc-bad_status_injected-184,local_opcua_loopback,bad_status,communication_bad_status,True,communication_bad_status,,bad_status,True
opc-bad_status_injected-185,local_opcua_loopback,bad_status,communication_bad_status,True,communication_bad_status,,bad_status,True
opc-bad_status_injected-186,local_opcua_loopback,bad_status,communication_bad_status,True,communication_bad_status,,bad_status,True
opc-bad_status_injected-187,local_opcua_loopback,bad_status,communication_bad_status,True,communication_bad_status,,bad_status,True
opc-bad_status_injected-188,local_opcua_loopback,bad_status,communication_bad_status,True,communication_bad_status,,bad_status,True
opc-bad_status_injected-189,local_opcua_loopback,bad_status,communication_bad_status,True,communication_bad_status,,bad_status,True
opc-bad_status_injected-190,local_opcua_loopback,bad_status,communication_bad_status,True,communication_bad_status,,bad_status,True
opc-bad_status_injected-191,local_opcua_loopback,bad_status,communication_bad_status,True,communication_bad_status,,bad_status,True
opc-bad_status_injected-192,local_opcua_loopback,bad_status,communication_bad_status,True,communication_bad_status,,bad_status,True
opc-bad_status_injected-193,local_opcua_loopback,bad_status,communication_bad_status,True,communication_bad_status,,bad_status,True
opc-bad_status_injected-194,local_opcua_loopback,bad_status,communication_bad_status,True,communication_bad_status,,bad_status,True
opc-bad_status_injected-195,local_opcua_loopback,bad_status,communication_bad_status,True,communication_bad_status,,bad_status,True
opc-bad_status_injected-196,local_opcua_loopback,bad_status,communication_bad_status,True,communication_bad_status,,bad_status,True
opc-bad_status_injected-197,local_opcua_loopback,bad_status,communication_bad_status,True,communication_bad_status,,bad_status,True
opc-bad_status_injected-198,local_opcua_loopback,bad_status,communication_bad_status,True,communication_bad_status,,bad_status,True
opc-bad_status_injected-199,local_opcua_loopback,bad_status,communication_bad_status,True,communication_bad_status,,bad_status,True
opc-bad_status_injected-200,local_opcua_loopback,bad_status,communication_bad_status,True,communication_bad_status,,bad_status,True
opc-model_failure_injected-201,local_opcua_loopback,model_failure,model_availability,True,model_availability,,model_load_failure,True
opc-model_failure_injected-202,local_opcua_loopback,model_failure,model_availability,True,model_availability,,model_load_failure,True
opc-model_failure_injected-203,local_opcua_loopback,model_failure,model_availability,True,model_availability,,model_load_failure,True
opc-model_failure_injected-204,local_opcua_loopback,model_failure,model_availability,True,model_availability,,model_load_failure,True
opc-model_failure_injected-205,local_opcua_loopback,model_failure,model_availability,True,model_availability,,model_load_failure,True
opc-model_failure_injected-206,local_opcua_loopback,model_failure,model_availability,True,model_availability,,model_load_failure,True
opc-model_failure_injected-207,local_opcua_loopback,model_failure,model_availability,True,model_availability,,model_load_failure,True
opc-model_failure_injected-208,local_opcua_loopback,model_failure,model_availability,True,model_availability,,model_load_failure,True
opc-model_failure_injected-209,local_opcua_loopback,model_failure,model_availability,True,model_availability,,model_load_failure,True
opc-model_failure_injected-210,local_opcua_loopback,model_failure,model_availability,True,model_availability,,model_load_failure,True
opc-model_failure_injected-211,local_opcua_loopback,model_failure,model_availability,True,model_availability,,model_load_failure,True
opc-model_failure_injected-212,local_opcua_loopback,model_failure,model_availability,True,model_availability,,model_load_failure,True
opc-model_failure_injected-213,local_opcua_loopback,model_failure,model_availability,True,model_availability,,model_load_failure,True
opc-model_failure_injected-214,local_opcua_loopback,model_failure,model_availability,True,model_availability,,model_load_failure,True
opc-model_failure_injected-215,local_opcua_loopback,model_failure,model_availability,True,model_availability,,model_load_failure,True
opc-model_failure_injected-216,local_opcua_loopback,model_failure,model_availability,True,model_availability,,model_load_failure,True
opc-model_failure_injected-217,local_opcua_loopback,model_failure,model_availability,True,model_availability,,model_load_failure,True
opc-model_failure_injected-218,local_opcua_loopback,model_failure,model_availability,True,model_availability,,model_load_failure,True
opc-model_failure_injected-219,local_opcua_loopback,model_failure,model_availability,True,model_availability,,model_load_failure,True
opc-model_failure_injected-220,local_opcua_loopback,model_failure,model_availability,True,model_availability,,model_load_failure,True
opc-model_failure_injected-221,local_opcua_loopback,model_failure,model_availability,True,model_availability,,model_load_failure,True
opc-model_failure_injected-222,local_opcua_loopback,model_failure,model_availability,True,model_availability,,model_load_failure,True
opc-model_failure_injected-223,local_opcua_loopback,model_failure,model_availability,True,model_availability,,model_load_failure,True
opc-model_failure_injected-224,local_opcua_loopback,model_failure,model_availability,True,model_availability,,model_load_failure,True
opc-model_failure_injected-225,local_opcua_loopback,model_failure,model_availability,True,model_availability,,model_load_failure,True
opc-model_failure_injected-226,local_opcua_loopback,model_failure,model_availability,True,model_availability,,model_load_failure,True
opc-model_failure_injected-227,local_opcua_loopback,model_failure,model_availability,True,model_availability,,model_load_failure,True
opc-model_failure_injected-228,local_opcua_loopback,model_failure,model_availability,True,model_availability,,model_load_failure,True
opc-model_failure_injected-229,local_opcua_loopback,model_failure,model_availability,True,model_availability,,model_load_failure,True
opc-model_failure_injected-230,local_opcua_loopback,model_failure,model_availability,True,model_availability,,model_load_failure,True
opc-model_failure_injected-231,local_opcua_loopback,model_failure,model_availability,True,model_availability,,model_load_failure,True
opc-model_failure_injected-232,local_opcua_loopback,model_failure,model_availability,True,model_availability,,model_load_failure,True
opc-model_failure_injected-233,local_opcua_loopback,model_failure,model_availability,True,model_availability,,model_load_failure,True
opc-model_failure_injected-234,local_opcua_loopback,model_failure,model_availability,True,model_availability,,model_load_failure,True
opc-model_failure_injected-235,local_opcua_loopback,model_failure,model_availability,True,model_availability,,model_load_failure,True
opc-model_failure_injected-236,local_opcua_loopback,model_failure,model_availability,True,model_availability,,model_load_failure,True
opc-model_failure_injected-237,local_opcua_loopback,model_failure,model_availability,True,model_availability,,model_load_failure,True
opc-model_failure_injected-238,local_opcua_loopback,model_failure,model_availability,True,model_availability,,model_load_failure,True
opc-model_failure_injected-239,local_opcua_loopback,model_failure,model_availability,True,model_availability,,model_load_failure,True
opc-model_failure_injected-240,local_opcua_loopback,model_failure,model_availability,True,model_availability,,model_load_failure,True
opc-model_failure_injected-241,local_opcua_loopback,model_failure,model_availability,True,model_availability,,model_load_failure,True
opc-model_failure_injected-242,local_opcua_loopback,model_failure,model_availability,True,model_availability,,model_load_failure,True
opc-model_failure_injected-243,local_opcua_loopback,model_failure,model_availability,True,model_availability,,model_load_failure,True
opc-model_failure_injected-244,local_opcua_loopback,model_failure,model_availability,True,model_availability,,model_load_failure,True
opc-model_failure_injected-245,local_opcua_loopback,model_failure,model_availability,True,model_availability,,model_load_failure,True
opc-model_failure_injected-246,local_opcua_loopback,model_failure,model_availability,True,model_availability,,model_load_failure,True
opc-model_failure_injected-247,local_opcua_loopback,model_failure,model_availability,True,model_availability,,model_load_failure,True
opc-model_failure_injected-248,local_opcua_loopback,model_failure,model_availability,True,model_availability,,model_load_failure,True
opc-model_failure_injected-249,local_opcua_loopback,model_failure,model_availability,True,model_availability,,model_load_failure,True
opc-model_failure_injected-250,local_opcua_loopback,model_failure,model_availability,True,model_availability,,model_load_failure,True
opc-model_failure_injected-251,local_opcua_loopback,model_failure,model_availability,True,model_availability,,model_load_failure,True
opc-model_failure_injected-252,local_opcua_loopback,model_failure,model_availability,True,model_availability,,model_load_failure,True
opc-model_failure_injected-253,local_opcua_loopback,model_failure,model_availability,True,model_availability,,model_load_failure,True
opc-model_failure_injected-254,local_opcua_loopback,model_failure,model_availability,True,model_availability,,model_load_failure,True
opc-model_failure_injected-255,local_opcua_loopback,model_failure,model_availability,True,model_availability,,model_load_failure,True
opc-model_failure_injected-256,local_opcua_loopback,model_failure,model_availability,True,model_availability,,model_load_failure,True
opc-model_failure_injected-257,local_opcua_loopback,model_failure,model_availability,True,model_availability,,model_load_failure,True
opc-model_failure_injected-258,local_opcua_loopback,model_failure,model_availability,True,model_availability,,model_load_failure,True
opc-model_failure_injected-259,local_opcua_loopback,model_failure,model_availability,True,model_availability,,model_load_failure,True
opc-model_failure_injected-260,local_opcua_loopback,model_failure,model_availability,True,model_availability,,model_load_failure,True
opc-model_failure_injected-261,local_opcua_loopback,model_failure,model_availability,True,model_availability,,model_load_failure,True
opc-model_failure_injected-262,local_opcua_loopback,model_failure,model_availability,True,model_availability,,model_load_failure,True
opc-model_failure_injected-263,local_opcua_loopback,model_failure,model_availability,True,model_availability,,model_load_failure,True
opc-model_failure_injected-264,local_opcua_loopback,model_failure,model_availability,True,model_availability,,model_load_failure,True
opc-model_failure_injected-265,local_opcua_loopback,model_failure,model_availability,True,model_availability,,model_load_failure,True
opc-model_failure_injected-266,local_opcua_loopback,model_failure,model_availability,True,model_availability,,model_load_failure,True
opc-model_failure_injected-267,local_opcua_loopback,model_failure,model_availability,True,model_availability,,model_load_failure,True
opc-model_failure_injected-268,local_opcua_loopback,model_failure,model_availability,True,model_availability,,model_load_failure,True
opc-model_failure_injected-269,local_opcua_loopback,model_failure,model_availability,True,model_availability,,model_load_failure,True
opc-model_failure_injected-270,local_opcua_loopback,model_failure,model_availability,True,model_availability,,model_load_failure,True
opc-model_failure_injected-271,local_opcua_loopback,model_failure,model_availability,True,model_availability,,model_load_failure,True
opc-model_failure_injected-272,local_opcua_loopback,model_failure,model_availability,True,model_availability,,model_load_failure,True
opc-model_failure_injected-273,local_opcua_loopback,model_failure,model_availability,True,model_availability,,model_load_failure,True
opc-model_failure_injected-274,local_opcua_loopback,model_failure,model_availability,True,model_availability,,model_load_failure,True
opc-model_failure_injected-275,local_opcua_loopback,model_failure,model_availability,True,model_availability,,model_load_failure,True
opc-model_failure_injected-276,local_opcua_loopback,model_failure,model_availability,True,model_availability,,model_load_failure,True
opc-model_failure_injected-277,local_opcua_loopback,model_failure,model_availability,True,model_availability,,model_load_failure,True
opc-model_failure_injected-278,local_opcua_loopback,model_failure,model_availability,True,model_availability,,model_load_failure,True
opc-model_failure_injected-279,local_opcua_loopback,model_failure,model_availability,True,model_availability,,model_load_failure,True
opc-model_failure_injected-280,local_opcua_loopback,model_failure,model_availability,True,model_availability,,model_load_failure,True
opc-model_failure_injected-281,local_opcua_loopback,model_failure,model_availability,True,model_availability,,model_load_failure,True
opc-model_failure_injected-282,local_opcua_loopback,model_failure,model_availability,True,model_availability,,model_load_failure,True
opc-model_failure_injected-283,local_opcua_loopback,model_failure,model_availability,True,model_availability,,model_load_failure,True
opc-model_failure_injected-284,local_opcua_loopback,model_failure,model_availability,True,model_availability,,model_load_failure,True
opc-model_failure_injected-285,local_opcua_loopback,model_failure,model_availability,True,model_availability,,model_load_failure,True
opc-model_failure_injected-286,local_opcua_loopback,model_failure,model_availability,True,model_availability,,model_load_failure,True
opc-model_failure_injected-287,local_opcua_loopback,model_failure,model_availability,True,model_availability,,model_load_failure,True
opc-model_failure_injected-288,local_opcua_loopback,model_failure,model_availability,True,model_availability,,model_load_failure,True
opc-model_failure_injected-289,local_opcua_loopback,model_failure,model_availability,True,model_availability,,model_load_failure,True
opc-model_failure_injected-290,local_opcua_loopback,model_failure,model_availability,True,model_availability,,model_load_failure,True
opc-model_failure_injected-291,local_opcua_loopback,model_failure,model_availability,True,model_availability,,model_load_failure,True
opc-model_failure_injected-292,local_opcua_loopback,model_failure,model_availability,True,model_availability,,model_load_failure,True
opc-model_failure_injected-293,local_opcua_loopback,model_failure,model_availability,True,model_availability,,model_load_failure,True
opc-model_failure_injected-294,local_opcua_loopback,model_failure,model_availability,True,model_availability,,model_load_failure,True
opc-model_failure_injected-295,local_opcua_loopback,model_failure,model_availability,True,model_availability,,model_load_failure,True
opc-model_failure_injected-296,local_opcua_loopback,model_failure,model_availability,True,model_availability,,model_load_failure,True
opc-model_failure_injected-297,local_opcua_loopback,model_failure,model_availability,True,model_availability,,model_load_failure,True
opc-model_failure_injected-298,local_opcua_loopback,model_failure,model_availability,True,model_availability,,model_load_failure,True
opc-model_failure_injected-299,local_opcua_loopback,model_failure,model_availability,True,model_availability,,model_load_failure,True
opc-model_failure_injected-300,local_opcua_loopback,model_failure,model_availability,True,model_availability,,model_load_failure,True
opc-model_failure_injected-301,local_opcua_loopback,model_failure,model_availability,True,model_availability,,model_load_failure,True
opc-model_failure_injected-302,local_opcua_loopback,model_failure,model_availability,True,model_availability,,model_load_failure,True
opc-model_failure_injected-303,local_opcua_loopback,model_failure,model_availability,True,model_availability,,model_load_failure,True
opc-model_failure_injected-304,local_opcua_loopback,model_failure,model_availability,True,model_availability,,model_load_failure,True
opc-model_failure_injected-305,local_opcua_loopback,model_failure,model_availability,True,model_availability,,model_load_failure,True
opc-model_failure_injected-306,local_opcua_loopback,model_failure,model_availability,True,model_availability,,model_load_failure,True
opc-model_failure_injected-307,local_opcua_loopback,model_failure,model_availability,True,model_availability,,model_load_failure,True
opc-model_failure_injected-308,local_opcua_loopback,model_failure,model_availability,True,model_availability,,model_load_failure,True
opc-model_failure_injected-309,local_opcua_loopback,model_failure,model_availability,True,model_availability,,model_load_failure,True
opc-model_failure_injected-310,local_opcua_loopback,model_failure,model_availability,True,model_availability,,model_load_failure,True
opc-model_failure_injected-311,local_opcua_loopback,model_failure,model_availability,True,model_availability,,model_load_failure,True
opc-model_failure_injected-312,local_opcua_loopback,model_failure,model_availability,True,model_availability,,model_load_failure,True
opc-model_failure_injected-313,local_opcua_loopback,model_failure,model_availability,True,model_availability,,model_load_failure,True
opc-model_failure_injected-314,local_opcua_loopback,model_failure,model_availability,True,model_availability,,model_load_failure,True
opc-model_failure_injected-315,local_opcua_loopback,model_failure,model_availability,True,model_availability,,model_load_failure,True
opc-model_failure_injected-316,local_opcua_loopback,model_failure,model_availability,True,model_availability,,model_load_failure,True
opc-model_failure_injected-317,local_opcua_loopback,model_failure,model_availability,True,model_availability,,model_load_failure,True
opc-model_failure_injected-318,local_opcua_loopback,model_failure,model_availability,True,model_availability,,model_load_failure,True
opc-model_failure_injected-319,local_opcua_loopback,model_failure,model_availability,True,model_availability,,model_load_failure,True
opc-model_failure_injected-320,local_opcua_loopback,model_failure,model_availability,True,model_availability,,model_load_failure,True
opc-model_failure_injected-321,local_opcua_loopback,model_failure,model_availability,True,model_availability,,model_load_failure,True
opc-model_failure_injected-322,local_opcua_loopback,model_failure,model_availability,True,model_availability,,model_load_failure,True
opc-model_failure_injected-323,local_opcua_loopback,model_failure,model_availability,True,model_availability,,model_load_failure,True
opc-model_failure_injected-324,local_opcua_loopback,model_failure,model_availability,True,model_availability,,model_load_failure,True
opc-model_failure_injected-325,local_opcua_loopback,model_failure,model_availability,True,model_availability,,model_load_failure,True
opc-model_failure_injected-326,local_opcua_loopback,model_failure,model_availability,True,model_availability,,model_load_failure,True
opc-model_failure_injected-327,local_opcua_loopback,model_failure,model_availability,True,model_availability,,model_load_failure,True
opc-model_failure_injected-328,local_opcua_loopback,model_failure,model_availability,True,model_availability,,model_load_failure,True
opc-model_failure_injected-329,local_opcua_loopback,model_failure,model_availability,True,model_availability,,model_load_failure,True
opc-model_failure_injected-330,local_opcua_loopback,model_failure,model_availability,True,model_availability,,model_load_failure,True
opc-model_failure_injected-331,local_opcua_loopback,model_failure,model_availability,True,model_availability,,model_load_failure,True
opc-model_failure_injected-332,local_opcua_loopback,model_failure,model_availability,True,model_availability,,model_load_failure,True
opc-model_failure_injected-333,local_opcua_loopback,model_failure,model_availability,True,model_availability,,model_load_failure,True
opc-model_failure_injected-334,local_opcua_loopback,model_failure,model_availability,True,model_availability,,model_load_failure,True
opc-model_failure_injected-335,local_opcua_loopback,model_failure,model_availability,True,model_availability,,model_load_failure,True
opc-model_failure_injected-336,local_opcua_loopback,model_failure,model_availability,True,model_availability,,model_load_failure,True
opc-model_failure_injected-337,local_opcua_loopback,model_failure,model_availability,True,model_availability,,model_load_failure,True
opc-model_failure_injected-338,local_opcua_loopback,model_failure,model_availability,True,model_availability,,model_load_failure,True
opc-model_failure_injected-339,local_opcua_loopback,model_failure,model_availability,True,model_availability,,model_load_failure,True
opc-model_failure_injected-340,local_opcua_loopback,model_failure,model_availability,True,model_availability,,model_load_failure,True
opc-model_failure_injected-341,local_opcua_loopback,model_failure,model_availability,True,model_availability,,model_load_failure,True
opc-model_failure_injected-342,local_opcua_loopback,model_failure,model_availability,True,model_availability,,model_load_failure,True
opc-model_failure_injected-343,local_opcua_loopback,model_failure,model_availability,True,model_availability,,model_load_failure,True
opc-model_failure_injected-344,local_opcua_loopback,model_failure,model_availability,True,model_availability,,model_load_failure,True
opc-model_failure_injected-345,local_opcua_loopback,model_failure,model_availability,True,model_availability,,model_load_failure,True
opc-model_failure_injected-346,local_opcua_loopback,model_failure,model_availability,True,model_availability,,model_load_failure,True
opc-model_failure_injected-347,local_opcua_loopback,model_failure,model_availability,True,model_availability,,model_load_failure,True
opc-model_failure_injected-348,local_opcua_loopback,model_failure,model_availability,True,model_availability,,model_load_failure,True
opc-model_failure_injected-349,local_opcua_loopback,model_failure,model_availability,True,model_availability,,model_load_failure,True
opc-model_failure_injected-350,local_opcua_loopback,model_failure,model_availability,True,model_availability,,model_load_failure,True
opc-model_failure_injected-351,local_opcua_loopback,model_failure,model_availability,True,model_availability,,model_load_failure,True
opc-model_failure_injected-352,local_opcua_loopback,model_failure,model_availability,True,model_availability,,model_load_failure,True
opc-model_failure_injected-353,local_opcua_loopback,model_failure,model_availability,True,model_availability,,model_load_failure,True
opc-model_failure_injected-354,local_opcua_loopback,model_failure,model_availability,True,model_availability,,model_load_failure,True
opc-model_failure_injected-355,local_opcua_loopback,model_failure,model_availability,True,model_availability,,model_load_failure,True
opc-model_failure_injected-356,local_opcua_loopback,model_failure,model_availability,True,model_availability,,model_load_failure,True
opc-model_failure_injected-357,local_opcua_loopback,model_failure,model_availability,True,model_availability,,model_load_failure,True
opc-model_failure_injected-358,local_opcua_loopback,model_failure,model_availability,True,model_availability,,model_load_failure,True
opc-model_failure_injected-359,local_opcua_loopback,model_failure,model_availability,True,model_availability,,model_load_failure,True
opc-model_failure_injected-360,local_opcua_loopback,model_failure,model_availability,True,model_availability,,model_load_failure,True
opc-model_failure_injected-361,local_opcua_loopback,model_failure,model_availability,True,model_availability,,model_load_failure,True
opc-model_failure_injected-362,local_opcua_loopback,model_failure,model_availability,True,model_availability,,model_load_failure,True
opc-model_failure_injected-363,local_opcua_loopback,model_failure,model_availability,True,model_availability,,model_load_failure,True
opc-model_failure_injected-364,local_opcua_loopback,model_failure,model_availability,True,model_availability,,model_load_failure,True
opc-model_failure_injected-365,local_opcua_loopback,model_failure,model_availability,True,model_availability,,model_load_failure,True
opc-model_failure_injected-366,local_opcua_loopback,model_failure,model_availability,True,model_availability,,model_load_failure,True
opc-model_failure_injected-367,local_opcua_loopback,model_failure,model_availability,True,model_availability,,model_load_failure,True
opc-model_failure_injected-368,local_opcua_loopback,model_failure,model_availability,True,model_availability,,model_load_failure,True
opc-model_failure_injected-369,local_opcua_loopback,model_failure,model_availability,True,model_availability,,model_load_failure,True
opc-model_failure_injected-370,local_opcua_loopback,model_failure,model_availability,True,model_availability,,model_load_failure,True
opc-model_failure_injected-371,local_opcua_loopback,model_failure,model_availability,True,model_availability,,model_load_failure,True
opc-model_failure_injected-372,local_opcua_loopback,model_failure,model_availability,True,model_availability,,model_load_failure,True
opc-model_failure_injected-373,local_opcua_loopback,model_failure,model_availability,True,model_availability,,model_load_failure,True
opc-model_failure_injected-374,local_opcua_loopback,model_failure,model_availability,True,model_availability,,model_load_failure,True
opc-model_failure_injected-375,local_opcua_loopback,model_failure,model_availability,True,model_availability,,model_load_failure,True
opc-model_failure_injected-376,local_opcua_loopback,model_failure,model_availability,True,model_availability,,model_load_failure,True
opc-model_failure_injected-377,local_opcua_loopback,model_failure,model_availability,True,model_availability,,model_load_failure,True
opc-model_failure_injected-378,local_opcua_loopback,model_failure,model_availability,True,model_availability,,model_load_failure,True
opc-model_failure_injected-379,local_opcua_loopback,model_failure,model_availability,True,model_availability,,model_load_failure,True
opc-model_failure_injected-380,local_opcua_loopback,model_failure,model_availability,True,model_availability,,model_load_failure,True
opc-model_failure_injected-381,local_opcua_loopback,model_failure,model_availability,True,model_availability,,model_load_failure,True
opc-model_failure_injected-382,local_opcua_loopback,model_failure,model_availability,True,model_availability,,model_load_failure,True
opc-model_failure_injected-383,local_opcua_loopback,model_failure,model_availability,True,model_availability,,model_load_failure,True
opc-model_failure_injected-384,local_opcua_loopback,model_failure,model_availability,True,model_availability,,model_load_failure,True
opc-model_failure_injected-385,local_opcua_loopback,model_failure,model_availability,True,model_availability,,model_load_failure,True
opc-model_failure_injected-386,local_opcua_loopback,model_failure,model_availability,True,model_availability,,model_load_failure,True
opc-model_failure_injected-387,local_opcua_loopback,model_failure,model_availability,True,model_availability,,model_load_failure,True
opc-model_failure_injected-388,local_opcua_loopback,model_failure,model_availability,True,model_availability,,model_load_failure,True
opc-model_failure_injected-389,local_opcua_loopback,model_failure,model_availability,True,model_availability,,model_load_failure,True
opc-model_failure_injected-390,local_opcua_loopback,model_failure,model_availability,True,model_availability,,model_load_failure,True
opc-model_failure_injected-391,local_opcua_loopback,model_failure,model_availability,True,model_availability,,model_load_failure,True
opc-model_failure_injected-392,local_opcua_loopback,model_failure,model_availability,True,model_availability,,model_load_failure,True
opc-model_failure_injected-393,local_opcua_loopback,model_failure,model_availability,True,model_availability,,model_load_failure,True
opc-model_failure_injected-394,local_opcua_loopback,model_failure,model_availability,True,model_availability,,model_load_failure,True
opc-model_failure_injected-395,local_opcua_loopback,model_failure,model_availability,True,model_availability,,model_load_failure,True
opc-model_failure_injected-396,local_opcua_loopback,model_failure,model_availability,True,model_availability,,model_load_failure,True
opc-model_failure_injected-397,local_opcua_loopback,model_failure,model_availability,True,model_availability,,model_load_failure,True
opc-model_failure_injected-398,local_opcua_loopback,model_failure,model_availability,True,model_availability,,model_load_failure,True
opc-model_failure_injected-399,local_opcua_loopback,model_failure,model_availability,True,model_availability,,model_load_failure,True
opc-model_failure_injected-400,local_opcua_loopback,model_failure,model_availability,True,model_availability,,model_load_failure,True
opc-stale_injected-401,local_opcua_loopback,stale,communication_stale,False,unclassified,,,True
opc-stale_injected-402,local_opcua_loopback,stale,communication_stale,True,communication_stale,,stale,True
opc-stale_injected-403,local_opcua_loopback,stale,communication_stale,True,communication_stale,,stale,True
opc-stale_injected-404,local_opcua_loopback,stale,communication_stale,True,communication_stale,,stale,True
opc-stale_injected-405,local_opcua_loopback,stale,communication_stale,True,communication_stale,,stale,True
opc-stale_injected-406,local_opcua_loopback,stale,communication_stale,True,communication_stale,,stale,True
opc-stale_injected-407,local_opcua_loopback,stale,communication_stale,True,communication_stale,,stale,True
opc-stale_injected-408,local_opcua_loopback,stale,communication_stale,True,communication_stale,,stale,True
opc-stale_injected-409,local_opcua_loopback,stale,communication_stale,True,communication_stale,,stale,True
opc-stale_injected-410,local_opcua_loopback,stale,communication_stale,True,communication_stale,,stale,True
opc-stale_injected-411,local_opcua_loopback,stale,communication_stale,True,communication_stale,,stale,True
opc-stale_injected-412,local_opcua_loopback,stale,communication_stale,True,communication_stale,,stale,True
opc-stale_injected-413,local_opcua_loopback,stale,communication_stale,True,communication_stale,,stale,True
opc-stale_injected-414,local_opcua_loopback,stale,communication_stale,True,communication_stale,,stale,True
opc-stale_injected-415,local_opcua_loopback,stale,communication_stale,True,communication_stale,,stale,True
opc-stale_injected-416,local_opcua_loopback,stale,communication_stale,True,communication_stale,,stale,True
opc-stale_injected-417,local_opcua_loopback,stale,communication_stale,True,communication_stale,,stale,True
opc-stale_injected-418,local_opcua_loopback,stale,communication_stale,True,communication_stale,,stale,True
opc-stale_injected-419,local_opcua_loopback,stale,communication_stale,True,communication_stale,,stale,True
opc-stale_injected-420,local_opcua_loopback,stale,communication_stale,True,communication_stale,,stale,True
opc-stale_injected-421,local_opcua_loopback,stale,communication_stale,True,communication_stale,,stale,True
opc-stale_injected-422,local_opcua_loopback,stale,communication_stale,True,communication_stale,,stale,True
opc-stale_injected-423,local_opcua_loopback,stale,communication_stale,True,communication_stale,,stale,True
opc-stale_injected-424,local_opcua_loopback,stale,communication_stale,True,communication_stale,,stale,True
opc-stale_injected-425,local_opcua_loopback,stale,communication_stale,True,communication_stale,,stale,True
opc-stale_injected-426,local_opcua_loopback,stale,communication_stale,True,communication_stale,,stale,True
opc-stale_injected-427,local_opcua_loopback,stale,communication_stale,True,communication_stale,,stale,True
opc-stale_injected-428,local_opcua_loopback,stale,communication_stale,True,communication_stale,,stale,True
opc-stale_injected-429,local_opcua_loopback,stale,communication_stale,True,communication_stale,,stale,True
opc-stale_injected-430,local_opcua_loopback,stale,communication_stale,True,communication_stale,,stale,True
opc-stale_injected-431,local_opcua_loopback,stale,communication_stale,True,communication_stale,,stale,True
opc-stale_injected-432,local_opcua_loopback,stale,communication_stale,True,communication_stale,,stale,True
opc-stale_injected-433,local_opcua_loopback,stale,communication_stale,True,communication_stale,,stale,True
opc-stale_injected-434,local_opcua_loopback,stale,communication_stale,True,communication_stale,,stale,True
opc-stale_injected-435,local_opcua_loopback,stale,communication_stale,True,communication_stale,,stale,True
opc-stale_injected-436,local_opcua_loopback,stale,communication_stale,True,communication_stale,,stale,True
opc-stale_injected-437,local_opcua_loopback,stale,communication_stale,True,communication_stale,,stale,True
opc-stale_injected-438,local_opcua_loopback,stale,communication_stale,True,communication_stale,,stale,True
opc-stale_injected-439,local_opcua_loopback,stale,communication_stale,True,communication_stale,,stale,True
opc-stale_injected-440,local_opcua_loopback,stale,communication_stale,True,communication_stale,,stale,True
opc-stale_injected-441,local_opcua_loopback,stale,communication_stale,True,communication_stale,,stale,True
opc-stale_injected-442,local_opcua_loopback,stale,communication_stale,True,communication_stale,,stale,True
opc-stale_injected-443,local_opcua_loopback,stale,communication_stale,True,communication_stale,,stale,True
opc-stale_injected-444,local_opcua_loopback,stale,communication_stale,True,communication_stale,,stale,True
opc-stale_injected-445,local_opcua_loopback,stale,communication_stale,True,communication_stale,,stale,True
opc-stale_injected-446,local_opcua_loopback,stale,communication_stale,True,communication_stale,,stale,True
opc-stale_injected-447,local_opcua_loopback,stale,communication_stale,True,communication_stale,,stale,True
opc-stale_injected-448,local_opcua_loopback,stale,communication_stale,True,communication_stale,,stale,True
opc-stale_injected-449,local_opcua_loopback,stale,communication_stale,True,communication_stale,,stale,True
opc-stale_injected-450,local_opcua_loopback,stale,communication_stale,True,communication_stale,,stale,True
opc-stale_injected-451,local_opcua_loopback,stale,communication_stale,True,communication_stale,,stale,True
opc-stale_injected-452,local_opcua_loopback,stale,communication_stale,True,communication_stale,,stale,True
opc-stale_injected-453,local_opcua_loopback,stale,communication_stale,True,communication_stale,,stale,True
opc-stale_injected-454,local_opcua_loopback,stale,communication_stale,True,communication_stale,,stale,True
opc-stale_injected-455,local_opcua_loopback,stale,communication_stale,True,communication_stale,,stale,True
opc-stale_injected-456,local_opcua_loopback,stale,communication_stale,True,communication_stale,,stale,True
opc-stale_injected-457,local_opcua_loopback,stale,communication_stale,True,communication_stale,,stale,True
opc-stale_injected-458,local_opcua_loopback,stale,communication_stale,True,communication_stale,,stale,True
opc-stale_injected-459,local_opcua_loopback,stale,communication_stale,True,communication_stale,,stale,True
opc-stale_injected-460,local_opcua_loopback,stale,communication_stale,True,communication_stale,,stale,True
opc-stale_injected-461,local_opcua_loopback,stale,communication_stale,True,communication_stale,,stale,True
opc-stale_injected-462,local_opcua_loopback,stale,communication_stale,True,communication_stale,,stale,True
opc-stale_injected-463,local_opcua_loopback,stale,communication_stale,True,communication_stale,,stale,True
opc-stale_injected-464,local_opcua_loopback,stale,communication_stale,True,communication_stale,,stale,True
opc-stale_injected-465,local_opcua_loopback,stale,communication_stale,True,communication_stale,,stale,True
opc-stale_injected-466,local_opcua_loopback,stale,communication_stale,True,communication_stale,,stale,True
opc-stale_injected-467,local_opcua_loopback,stale,communication_stale,True,communication_stale,,stale,True
opc-stale_injected-468,local_opcua_loopback,stale,communication_stale,True,communication_stale,,stale,True
opc-stale_injected-469,local_opcua_loopback,stale,communication_stale,True,communication_stale,,stale,True
opc-stale_injected-470,local_opcua_loopback,stale,communication_stale,True,communication_stale,,stale,True
opc-stale_injected-471,local_opcua_loopback,stale,communication_stale,True,communication_stale,,stale,True
opc-stale_injected-472,local_opcua_loopback,stale,communication_stale,True,communication_stale,,stale,True
opc-stale_injected-473,local_opcua_loopback,stale,communication_stale,True,communication_stale,,stale,True
opc-stale_injected-474,local_opcua_loopback,stale,communication_stale,True,communication_stale,,stale,True
opc-stale_injected-475,local_opcua_loopback,stale,communication_stale,True,communication_stale,,stale,True
opc-stale_injected-476,local_opcua_loopback,stale,communication_stale,True,communication_stale,,stale,True
opc-stale_injected-477,local_opcua_loopback,stale,communication_stale,True,communication_stale,,stale,True
opc-stale_injected-478,local_opcua_loopback,stale,communication_stale,True,communication_stale,,stale,True
opc-stale_injected-479,local_opcua_loopback,stale,communication_stale,True,communication_stale,,stale,True
opc-stale_injected-480,local_opcua_loopback,stale,communication_stale,True,communication_stale,,stale,True
opc-stale_injected-481,local_opcua_loopback,stale,communication_stale,True,communication_stale,,stale,True
opc-stale_injected-482,local_opcua_loopback,stale,communication_stale,True,communication_stale,,stale,True
opc-stale_injected-483,local_opcua_loopback,stale,communication_stale,True,communication_stale,,stale,True
opc-stale_injected-484,local_opcua_loopback,stale,communication_stale,True,communication_stale,,stale,True
opc-stale_injected-485,local_opcua_loopback,stale,communication_stale,True,communication_stale,,stale,True
opc-stale_injected-486,local_opcua_loopback,stale,communication_stale,True,communication_stale,,stale,True
opc-stale_injected-487,local_opcua_loopback,stale,communication_stale,True,communication_stale,,stale,True
opc-stale_injected-488,local_opcua_loopback,stale,communication_stale,True,communication_stale,,stale,True
opc-stale_injected-489,local_opcua_loopback,stale,communication_stale,True,communication_stale,,stale,True
opc-stale_injected-490,local_opcua_loopback,stale,communication_stale,True,communication_stale,,stale,True
opc-stale_injected-491,local_opcua_loopback,stale,communication_stale,True,communication_stale,,stale,True
opc-stale_injected-492,local_opcua_loopback,stale,communication_stale,True,communication_stale,,stale,True
opc-stale_injected-493,local_opcua_loopback,stale,communication_stale,True,communication_stale,,stale,True
opc-stale_injected-494,local_opcua_loopback,stale,communication_stale,True,communication_stale,,stale,True
opc-stale_injected-495,local_opcua_loopback,stale,communication_stale,True,communication_stale,,stale,True
opc-stale_injected-496,local_opcua_loopback,stale,communication_stale,True,communication_stale,,stale,True
opc-stale_injected-497,local_opcua_loopback,stale,communication_stale,True,communication_stale,,stale,True
opc-stale_injected-498,local_opcua_loopback,stale,communication_stale,True,communication_stale,,stale,True
opc-stale_injected-499,local_opcua_loopback,stale,communication_stale,True,communication_stale,,stale,True
opc-stale_injected-500,local_opcua_loopback,stale,communication_stale,True,communication_stale,,stale,True
opc-stale_injected-501,local_opcua_loopback,stale,communication_stale,True,communication_stale,,stale,True
opc-stale_injected-502,local_opcua_loopback,stale,communication_stale,True,communication_stale,,stale,True
opc-stale_injected-503,local_opcua_loopback,stale,communication_stale,True,communication_stale,,stale,True
opc-stale_injected-504,local_opcua_loopback,stale,communication_stale,True,communication_stale,,stale,True
opc-stale_injected-505,local_opcua_loopback,stale,communication_stale,True,communication_stale,,stale,True
opc-stale_injected-506,local_opcua_loopback,stale,communication_stale,True,communication_stale,,stale,True
opc-stale_injected-507,local_opcua_loopback,stale,communication_stale,True,communication_stale,,stale,True
opc-stale_injected-508,local_opcua_loopback,stale,communication_stale,True,communication_stale,,stale,True
opc-stale_injected-509,local_opcua_loopback,stale,communication_stale,True,communication_stale,,stale,True
opc-stale_injected-510,local_opcua_loopback,stale,communication_stale,True,communication_stale,,stale,True
opc-stale_injected-511,local_opcua_loopback,stale,communication_stale,True,communication_stale,,stale,True
opc-stale_injected-512,local_opcua_loopback,stale,communication_stale,True,communication_stale,,stale,True
opc-stale_injected-513,local_opcua_loopback,stale,communication_stale,True,communication_stale,,stale,True
opc-stale_injected-514,local_opcua_loopback,stale,communication_stale,True,communication_stale,,stale,True
opc-stale_injected-515,local_opcua_loopback,stale,communication_stale,True,communication_stale,,stale,True
opc-stale_injected-516,local_opcua_loopback,stale,communication_stale,True,communication_stale,,stale,True
opc-stale_injected-517,local_opcua_loopback,stale,communication_stale,True,communication_stale,,stale,True
opc-stale_injected-518,local_opcua_loopback,stale,communication_stale,True,communication_stale,,stale,True
opc-stale_injected-519,local_opcua_loopback,stale,communication_stale,True,communication_stale,,stale,True
opc-stale_injected-520,local_opcua_loopback,stale,communication_stale,True,communication_stale,,stale,True
opc-stale_injected-521,local_opcua_loopback,stale,communication_stale,True,communication_stale,,stale,True
opc-stale_injected-522,local_opcua_loopback,stale,communication_stale,True,communication_stale,,stale,True
opc-stale_injected-523,local_opcua_loopback,stale,communication_stale,True,communication_stale,,stale,True
opc-stale_injected-524,local_opcua_loopback,stale,communication_stale,True,communication_stale,,stale,True
opc-stale_injected-525,local_opcua_loopback,stale,communication_stale,True,communication_stale,,stale,True
opc-stale_injected-526,local_opcua_loopback,stale,communication_stale,True,communication_stale,,stale,True
opc-stale_injected-527,local_opcua_loopback,stale,communication_stale,True,communication_stale,,stale,True
opc-stale_injected-528,local_opcua_loopback,stale,communication_stale,True,communication_stale,,stale,True
opc-stale_injected-529,local_opcua_loopback,stale,communication_stale,True,communication_stale,,stale,True
opc-stale_injected-530,local_opcua_loopback,stale,communication_stale,True,communication_stale,,stale,True
opc-stale_injected-531,local_opcua_loopback,stale,communication_stale,True,communication_stale,,stale,True
opc-stale_injected-532,local_opcua_loopback,stale,communication_stale,True,communication_stale,,stale,True
opc-stale_injected-533,local_opcua_loopback,stale,communication_stale,True,communication_stale,,stale,True
opc-stale_injected-534,local_opcua_loopback,stale,communication_stale,True,communication_stale,,stale,True
opc-stale_injected-535,local_opcua_loopback,stale,communication_stale,True,communication_stale,,stale,True
opc-stale_injected-536,local_opcua_loopback,stale,communication_stale,True,communication_stale,,stale,True
opc-stale_injected-537,local_opcua_loopback,stale,communication_stale,True,communication_stale,,stale,True
opc-stale_injected-538,local_opcua_loopback,stale,communication_stale,True,communication_stale,,stale,True
opc-stale_injected-539,local_opcua_loopback,stale,communication_stale,True,communication_stale,,stale,True
opc-stale_injected-540,local_opcua_loopback,stale,communication_stale,True,communication_stale,,stale,True
opc-stale_injected-541,local_opcua_loopback,stale,communication_stale,True,communication_stale,,stale,True
opc-stale_injected-542,local_opcua_loopback,stale,communication_stale,True,communication_stale,,stale,True
opc-stale_injected-543,local_opcua_loopback,stale,communication_stale,True,communication_stale,,stale,True
opc-stale_injected-544,local_opcua_loopback,stale,communication_stale,True,communication_stale,,stale,True
opc-stale_injected-545,local_opcua_loopback,stale,communication_stale,True,communication_stale,,stale,True
opc-stale_injected-546,local_opcua_loopback,stale,communication_stale,True,communication_stale,,stale,True
opc-stale_injected-547,local_opcua_loopback,stale,communication_stale,True,communication_stale,,stale,True
opc-stale_injected-548,local_opcua_loopback,stale,communication_stale,True,communication_stale,,stale,True
opc-stale_injected-549,local_opcua_loopback,stale,communication_stale,True,communication_stale,,stale,True
opc-stale_injected-550,local_opcua_loopback,stale,communication_stale,True,communication_stale,,stale,True
opc-stale_injected-551,local_opcua_loopback,stale,communication_stale,True,communication_stale,,stale,True
opc-stale_injected-552,local_opcua_loopback,stale,communication_stale,True,communication_stale,,stale,True
opc-stale_injected-553,local_opcua_loopback,stale,communication_stale,True,communication_stale,,stale,True
opc-stale_injected-554,local_opcua_loopback,stale,communication_stale,True,communication_stale,,stale,True
opc-stale_injected-555,local_opcua_loopback,stale,communication_stale,True,communication_stale,,stale,True
opc-stale_injected-556,local_opcua_loopback,stale,communication_stale,True,communication_stale,,stale,True
opc-stale_injected-557,local_opcua_loopback,stale,communication_stale,True,communication_stale,,stale,True
opc-stale_injected-558,local_opcua_loopback,stale,communication_stale,True,communication_stale,,stale,True
opc-stale_injected-559,local_opcua_loopback,stale,communication_stale,True,communication_stale,,stale,True
opc-stale_injected-560,local_opcua_loopback,stale,communication_stale,True,communication_stale,,stale,True
opc-stale_injected-561,local_opcua_loopback,stale,communication_stale,True,communication_stale,,stale,True
opc-stale_injected-562,local_opcua_loopback,stale,communication_stale,True,communication_stale,,stale,True
opc-stale_injected-563,local_opcua_loopback,stale,communication_stale,True,communication_stale,,stale,True
opc-stale_injected-564,local_opcua_loopback,stale,communication_stale,True,communication_stale,,stale,True
opc-stale_injected-565,local_opcua_loopback,stale,communication_stale,True,communication_stale,,stale,True
opc-stale_injected-566,local_opcua_loopback,stale,communication_stale,True,communication_stale,,stale,True
opc-stale_injected-567,local_opcua_loopback,stale,communication_stale,True,communication_stale,,stale,True
opc-stale_injected-568,local_opcua_loopback,stale,communication_stale,True,communication_stale,,stale,True
opc-stale_injected-569,local_opcua_loopback,stale,communication_stale,True,communication_stale,,stale,True
opc-stale_injected-570,local_opcua_loopback,stale,communication_stale,True,communication_stale,,stale,True
opc-stale_injected-571,local_opcua_loopback,stale,communication_stale,True,communication_stale,,stale,True
opc-stale_injected-572,local_opcua_loopback,stale,communication_stale,True,communication_stale,,stale,True
opc-stale_injected-573,local_opcua_loopback,stale,communication_stale,True,communication_stale,,stale,True
opc-stale_injected-574,local_opcua_loopback,stale,communication_stale,True,communication_stale,,stale,True
opc-stale_injected-575,local_opcua_loopback,stale,communication_stale,True,communication_stale,,stale,True
opc-stale_injected-576,local_opcua_loopback,stale,communication_stale,True,communication_stale,,stale,True
opc-stale_injected-577,local_opcua_loopback,stale,communication_stale,True,communication_stale,,stale,True
opc-stale_injected-578,local_opcua_loopback,stale,communication_stale,True,communication_stale,,stale,True
opc-stale_injected-579,local_opcua_loopback,stale,communication_stale,True,communication_stale,,stale,True
opc-stale_injected-580,local_opcua_loopback,stale,communication_stale,True,communication_stale,,stale,True
opc-stale_injected-581,local_opcua_loopback,stale,communication_stale,True,communication_stale,,stale,True
opc-stale_injected-582,local_opcua_loopback,stale,communication_stale,True,communication_stale,,stale,True
opc-stale_injected-583,local_opcua_loopback,stale,communication_stale,True,communication_stale,,stale,True
opc-stale_injected-584,local_opcua_loopback,stale,communication_stale,True,communication_stale,,stale,True
opc-stale_injected-585,local_opcua_loopback,stale,communication_stale,True,communication_stale,,stale,True
opc-stale_injected-586,local_opcua_loopback,stale,communication_stale,True,communication_stale,,stale,True
opc-stale_injected-587,local_opcua_loopback,stale,communication_stale,True,communication_stale,,stale,True
opc-stale_injected-588,local_opcua_loopback,stale,communication_stale,True,communication_stale,,stale,True
opc-stale_injected-589,local_opcua_loopback,stale,communication_stale,True,communication_stale,,stale,True
opc-stale_injected-590,local_opcua_loopback,stale,communication_stale,True,communication_stale,,stale,True
opc-stale_injected-591,local_opcua_loopback,stale,communication_stale,True,communication_stale,,stale,True
opc-stale_injected-592,local_opcua_loopback,stale,communication_stale,True,communication_stale,,stale,True
opc-stale_injected-593,local_opcua_loopback,stale,communication_stale,True,communication_stale,,stale,True
opc-stale_injected-594,local_opcua_loopback,stale,communication_stale,True,communication_stale,,stale,True
opc-stale_injected-595,local_opcua_loopback,stale,communication_stale,True,communication_stale,,stale,True
opc-stale_injected-596,local_opcua_loopback,stale,communication_stale,True,communication_stale,,stale,True
opc-stale_injected-597,local_opcua_loopback,stale,communication_stale,True,communication_stale,,stale,True
opc-stale_injected-598,local_opcua_loopback,stale,communication_stale,True,communication_stale,,stale,True
opc-stale_injected-599,local_opcua_loopback,stale,communication_stale,True,communication_stale,,stale,True
opc-stale_injected-600,local_opcua_loopback,stale,communication_stale,True,communication_stale,,stale,True
input-unit-consistency-C7,deterministic_replay_injection,input_unit_consistency,input_unit_inconsistency,True,input_unit_inconsistency,,input_channel_scale_fallback,True
input-unit-consistency-PID,deterministic_replay_injection,input_unit_consistency,input_unit_inconsistency,True,input_unit_inconsistency,,input_channel_scale_fallback,True
input-unit-consistency-OC-PID,deterministic_replay_injection,input_unit_consistency,input_unit_inconsistency,True,input_unit_inconsistency,,input_channel_scale_fallback,True
input-unit-consistency-C2,deterministic_replay_injection,input_unit_consistency,input_unit_inconsistency,True,input_unit_inconsistency,,input_channel_scale_fallback,True
