output_clip_scale,policy,condition_id,event_count,eligible_transitions,T_count,h_count,S_count,files,pooled_event_rate
6.0,C2,0.044->0.035,17,1085,17,0,0,2,0.01566820276497696
6.0,C2,0.050->0.040,9,1074,8,1,0,2,0.008379888268156424
6.0,C2,0.063->0.050,4,920,4,1,2,1,0.004347826086956522
6.0,C2,0.080->0.063,2,782,2,1,0,1,0.0025575447570332483
6.0,C2,0.320->0.215,1,774,0,1,0,1,0.0012919896640826874
6.0,C2,0.628->0.458,207,430,109,0,129,1,0.4813953488372093
6.0,C2,0.628->0.458 acceleration,40,46,4,0,39,1,0.8695652173913043
6.0,C2,1.000->0.628,384,384,384,9,198,1,1.0
6.0,C7-Core,0.044->0.035,17,1085,17,0,0,2,0.01566820276497696
6.0,C7-Core,0.050->0.040,9,1074,8,1,0,2,0.008379888268156424
6.0,C7-Core,0.063->0.050,4,920,4,1,2,1,0.004347826086956522
6.0,C7-Core,0.080->0.063,2,782,2,1,0,1,0.0025575447570332483
6.0,C7-Core,0.320->0.215,1,774,0,1,0,1,0.0012919896640826874
6.0,C7-Core,0.628->0.458,208,430,110,0,129,1,0.48372093023255813
6.0,C7-Core,0.628->0.458 acceleration,40,46,4,0,39,1,0.8695652173913043
6.0,C7-Core,1.000->0.628,384,384,384,9,198,1,1.0
6.0,OC-PID,0.044->0.035,17,1085,17,0,0,2,0.01566820276497696
6.0,OC-PID,0.050->0.040,9,1074,8,1,0,2,0.008379888268156424
6.0,OC-PID,0.063->0.050,4,920,4,1,2,1,0.004347826086956522
6.0,OC-PID,0.080->0.063,1,782,1,1,0,1,0.0012787723785166241
6.0,OC-PID,0.320->0.215,1,774,0,1,0,1,0.0012919896640826874
6.0,OC-PID,0.628->0.458,199,430,97,0,131,1,0.4627906976744186
6.0,OC-PID,0.628->0.458 acceleration,37,46,4,0,36,1,0.8043478260869565
6.0,OC-PID,1.000->0.628,384,384,384,7,199,1,1.0
6.0,PID,0.044->0.035,19,1085,19,0,0,2,0.017511520737327188
6.0,PID,0.050->0.040,10,1074,9,1,0,2,0.00931098696461825
6.0,PID,0.063->0.050,4,920,4,1,3,1,0.004347826086956522
6.0,PID,0.080->0.063,2,782,2,1,0,1,0.0025575447570332483
6.0,PID,0.320->0.215,1,774,0,1,0,1,0.0012919896640826874
6.0,PID,0.628->0.458,207,430,111,0,129,1,0.4813953488372093
6.0,PID,0.628->0.458 acceleration,40,46,5,0,39,1,0.8695652173913043
6.0,PID,1.000->0.628,384,384,384,10,201,1,1.0
8.0,C2,0.044->0.035,1,1085,1,0,0,2,0.0009216589861751152
8.0,C2,0.050->0.040,0,1074,0,0,0,2,0.0
8.0,C2,0.063->0.050,0,920,0,0,0,1,0.0
8.0,C2,0.080->0.063,1,782,0,1,0,1,0.0012787723785166241
8.0,C2,0.320->0.215,0,774,0,0,0,1,0.0
8.0,C2,0.628->0.458,66,430,1,0,66,1,0.15348837209302327
8.0,C2,0.628->0.458 acceleration,29,46,1,0,29,1,0.6304347826086957
8.0,C2,1.000->0.628,384,384,384,1,86,1,1.0
8.0,C7-Core,0.044->0.035,1,1085,1,0,0,2,0.0009216589861751152
8.0,C7-Core,0.050->0.040,0,1074,0,0,0,2,0.0
8.0,C7-Core,0.063->0.050,0,920,0,0,0,1,0.0
8.0,C7-Core,0.080->0.063,1,782,0,1,0,1,0.0012787723785166241
8.0,C7-Core,0.320->0.215,0,774,0,0,0,1,0.0
8.0,C7-Core,0.628->0.458,66,430,1,0,66,1,0.15348837209302327
8.0,C7-Core,0.628->0.458 acceleration,29,46,1,0,29,1,0.6304347826086957
8.0,C7-Core,1.000->0.628,384,384,384,1,86,1,1.0
8.0,OC-PID,0.044->0.035,1,1085,1,0,0,2,0.0009216589861751152
8.0,OC-PID,0.050->0.040,0,1074,0,0,0,2,0.0
8.0,OC-PID,0.063->0.050,0,920,0,0,0,1,0.0
8.0,OC-PID,0.080->0.063,1,782,0,1,0,1,0.0012787723785166241
8.0,OC-PID,0.320->0.215,0,774,0,0,0,1,0.0
8.0,OC-PID,0.628->0.458,66,430,1,0,66,1,0.15348837209302327
8.0,OC-PID,0.628->0.458 acceleration,28,46,1,0,28,1,0.6086956521739131
8.0,OC-PID,1.000->0.628,384,384,384,1,86,1,1.0
8.0,PID,0.044->0.035,1,1085,1,0,0,2,0.0009216589861751152
8.0,PID,0.050->0.040,0,1074,0,0,0,2,0.0
8.0,PID,0.063->0.050,0,920,0,0,0,1,0.0
8.0,PID,0.080->0.063,1,782,0,1,0,1,0.0012787723785166241
8.0,PID,0.320->0.215,0,774,0,0,0,1,0.0
8.0,PID,0.628->0.458,66,430,1,0,66,1,0.15348837209302327
8.0,PID,0.628->0.458 acceleration,29,46,2,0,29,1,0.6304347826086957
8.0,PID,1.000->0.628,384,384,384,2,86,1,1.0
12.0,C2,0.044->0.035,0,1085,0,0,0,2,0.0
12.0,C2,0.050->0.040,0,1074,0,0,0,2,0.0
12.0,C2,0.063->0.050,0,920,0,0,0,1,0.0
12.0,C2,0.080->0.063,0,782,0,0,0,1,0.0
12.0,C2,0.320->0.215,0,774,0,0,0,1,0.0
12.0,C2,0.628->0.458,37,430,0,0,37,1,0.08604651162790698
12.0,C2,0.628->0.458 acceleration,13,46,0,0,13,1,0.2826086956521739
12.0,C2,1.000->0.628,79,384,79,0,42,1,0.20572916666666666
12.0,C7-Core,0.044->0.035,0,1085,0,0,0,2,0.0
12.0,C7-Core,0.050->0.040,0,1074,0,0,0,2,0.0
12.0,C7-Core,0.063->0.050,0,920,0,0,0,1,0.0
12.0,C7-Core,0.080->0.063,0,782,0,0,0,1,0.0
12.0,C7-Core,0.320->0.215,0,774,0,0,0,1,0.0
12.0,C7-Core,0.628->0.458,37,430,0,0,37,1,0.08604651162790698
12.0,C7-Core,0.628->0.458 acceleration,13,46,0,0,13,1,0.2826086956521739
12.0,C7-Core,1.000->0.628,79,384,79,0,42,1,0.20572916666666666
12.0,OC-PID,0.044->0.035,0,1085,0,0,0,2,0.0
12.0,OC-PID,0.050->0.040,0,1074,0,0,0,2,0.0
12.0,OC-PID,0.063->0.050,0,920,0,0,0,1,0.0
12.0,OC-PID,0.080->0.063,0,782,0,0,0,1,0.0
12.0,OC-PID,0.320->0.215,0,774,0,0,0,1,0.0
12.0,OC-PID,0.628->0.458,37,430,0,0,37,1,0.08604651162790698
12.0,OC-PID,0.628->0.458 acceleration,13,46,0,0,13,1,0.2826086956521739
12.0,OC-PID,1.000->0.628,79,384,79,0,42,1,0.20572916666666666
12.0,PID,0.044->0.035,0,1085,0,0,0,2,0.0
12.0,PID,0.050->0.040,0,1074,0,0,0,2,0.0
12.0,PID,0.063->0.050,0,920,0,0,0,1,0.0
12.0,PID,0.080->0.063,0,782,0,0,0,1,0.0
12.0,PID,0.320->0.215,0,774,0,0,0,1,0.0
12.0,PID,0.628->0.458,37,430,0,0,37,1,0.08604651162790698
12.0,PID,0.628->0.458 acceleration,13,46,0,0,13,1,0.2826086956521739
12.0,PID,1.000->0.628,79,384,79,0,42,1,0.20572916666666666
inf,C2,0.044->0.035,0,1085,0,0,0,2,0.0
inf,C2,0.050->0.040,0,1074,0,0,0,2,0.0
inf,C2,0.063->0.050,0,920,0,0,0,1,0.0
inf,C2,0.080->0.063,0,782,0,0,0,1,0.0
inf,C2,0.320->0.215,0,774,0,0,0,1,0.0
inf,C2,0.628->0.458,0,430,0,0,0,1,0.0
inf,C2,0.628->0.458 acceleration,0,46,0,0,0,1,0.0
inf,C2,1.000->0.628,0,384,0,0,0,1,0.0
inf,C7-Core,0.044->0.035,0,1085,0,0,0,2,0.0
inf,C7-Core,0.050->0.040,0,1074,0,0,0,2,0.0
inf,C7-Core,0.063->0.050,0,920,0,0,0,1,0.0
inf,C7-Core,0.080->0.063,0,782,0,0,0,1,0.0
inf,C7-Core,0.320->0.215,0,774,0,0,0,1,0.0
inf,C7-Core,0.628->0.458,0,430,0,0,0,1,0.0
inf,C7-Core,0.628->0.458 acceleration,0,46,0,0,0,1,0.0
inf,C7-Core,1.000->0.628,0,384,0,0,0,1,0.0
inf,OC-PID,0.044->0.035,0,1085,0,0,0,2,0.0
inf,OC-PID,0.050->0.040,0,1074,0,0,0,2,0.0
inf,OC-PID,0.063->0.050,0,920,0,0,0,1,0.0
inf,OC-PID,0.080->0.063,0,782,0,0,0,1,0.0
inf,OC-PID,0.320->0.215,0,774,0,0,0,1,0.0
inf,OC-PID,0.628->0.458,0,430,0,0,0,1,0.0
inf,OC-PID,0.628->0.458 acceleration,0,46,0,0,0,1,0.0
inf,OC-PID,1.000->0.628,0,384,0,0,0,1,0.0
inf,PID,0.044->0.035,0,1085,0,0,0,2,0.0
inf,PID,0.050->0.040,0,1074,0,0,0,2,0.0
inf,PID,0.063->0.050,0,920,0,0,0,1,0.0
inf,PID,0.080->0.063,0,782,0,0,0,1,0.0
inf,PID,0.320->0.215,0,774,0,0,0,1,0.0
inf,PID,0.628->0.458,0,430,0,0,0,1,0.0
inf,PID,0.628->0.458 acceleration,0,46,0,0,0,1,0.0
inf,PID,1.000->0.628,0,384,0,0,0,1,0.0
