policy,condition_id,pass_id,segment_id,eligible_transitions,event_count,T_count,h_count,S_count,event_rate
C2,0.044->0.035,P15,0,11,0,0,0,0,0.0
C2,0.044->0.035,P15,1,10,0,0,0,0,0.0
C2,0.044->0.035,P15,2,313,0,0,0,0,0.0
C2,0.044->0.035,P16,0,23,0,0,0,0,0.0
C2,0.044->0.035,P16,1,6,0,0,0,0,0.0
C2,0.044->0.035,P16,2,3,0,0,0,0,0.0
C2,0.044->0.035,P16,3,719,1,1,0,0,0.0013908205841446453
C2,0.050->0.040,P19,0,15,0,0,0,0,0.0
C2,0.050->0.040,P19,1,476,0,0,0,0,0.0
C2,0.050->0.040,P20,0,9,0,0,0,0,0.0
C2,0.050->0.040,P20,1,574,0,0,0,0,0.0
C2,0.063->0.050,P18,0,3,0,0,0,0,0.0
C2,0.063->0.050,P18,1,917,0,0,0,0,0.0
C2,0.080->0.063,P17,0,782,1,0,1,0,0.0012787723785166241
C2,0.320->0.215,P08,0,774,0,0,0,0,0.0
C2,0.628->0.458,P07,0,430,66,1,0,66,0.15348837209302327
C2,0.628->0.458 acceleration,P06,0,46,29,1,0,29,0.6304347826086957
C2,1.000->0.628,P05,0,384,384,384,1,86,1.0
C7-Core,0.044->0.035,P15,0,11,0,0,0,0,0.0
C7-Core,0.044->0.035,P15,1,10,0,0,0,0,0.0
C7-Core,0.044->0.035,P15,2,313,0,0,0,0,0.0
C7-Core,0.044->0.035,P16,0,23,0,0,0,0,0.0
C7-Core,0.044->0.035,P16,1,6,0,0,0,0,0.0
C7-Core,0.044->0.035,P16,2,3,0,0,0,0,0.0
C7-Core,0.044->0.035,P16,3,719,1,1,0,0,0.0013908205841446453
C7-Core,0.050->0.040,P19,0,15,0,0,0,0,0.0
C7-Core,0.050->0.040,P19,1,476,0,0,0,0,0.0
C7-Core,0.050->0.040,P20,0,9,0,0,0,0,0.0
C7-Core,0.050->0.040,P20,1,574,0,0,0,0,0.0
C7-Core,0.063->0.050,P18,0,3,0,0,0,0,0.0
C7-Core,0.063->0.050,P18,1,917,0,0,0,0,0.0
C7-Core,0.080->0.063,P17,0,782,1,0,1,0,0.0012787723785166241
C7-Core,0.320->0.215,P08,0,774,0,0,0,0,0.0
C7-Core,0.628->0.458,P07,0,430,66,1,0,66,0.15348837209302327
C7-Core,0.628->0.458 acceleration,P06,0,46,29,1,0,29,0.6304347826086957
C7-Core,1.000->0.628,P05,0,384,384,384,1,86,1.0
OC-PID,0.044->0.035,P15,0,11,0,0,0,0,0.0
OC-PID,0.044->0.035,P15,1,10,0,0,0,0,0.0
OC-PID,0.044->0.035,P15,2,313,0,0,0,0,0.0
OC-PID,0.044->0.035,P16,0,23,0,0,0,0,0.0
OC-PID,0.044->0.035,P16,1,6,0,0,0,0,0.0
OC-PID,0.044->0.035,P16,2,3,0,0,0,0,0.0
OC-PID,0.044->0.035,P16,3,719,1,1,0,0,0.0013908205841446453
OC-PID,0.050->0.040,P19,0,15,0,0,0,0,0.0
OC-PID,0.050->0.040,P19,1,476,0,0,0,0,0.0
OC-PID,0.050->0.040,P20,0,9,0,0,0,0,0.0
OC-PID,0.050->0.040,P20,1,574,0,0,0,0,0.0
OC-PID,0.063->0.050,P18,0,3,0,0,0,0,0.0
OC-PID,0.063->0.050,P18,1,917,0,0,0,0,0.0
OC-PID,0.080->0.063,P17,0,782,1,0,1,0,0.0012787723785166241
OC-PID,0.320->0.215,P08,0,774,0,0,0,0,0.0
OC-PID,0.628->0.458,P07,0,430,66,1,0,66,0.15348837209302327
OC-PID,0.628->0.458 acceleration,P06,0,46,28,1,0,28,0.6086956521739131
OC-PID,1.000->0.628,P05,0,384,384,384,1,86,1.0
PID,0.044->0.035,P15,0,11,0,0,0,0,0.0
PID,0.044->0.035,P15,1,10,0,0,0,0,0.0
PID,0.044->0.035,P15,2,313,0,0,0,0,0.0
PID,0.044->0.035,P16,0,23,0,0,0,0,0.0
PID,0.044->0.035,P16,1,6,0,0,0,0,0.0
PID,0.044->0.035,P16,2,3,0,0,0,0,0.0
PID,0.044->0.035,P16,3,719,1,1,0,0,0.0013908205841446453
PID,0.050->0.040,P19,0,15,0,0,0,0,0.0
PID,0.050->0.040,P19,1,476,0,0,0,0,0.0
PID,0.050->0.040,P20,0,9,0,0,0,0,0.0
PID,0.050->0.040,P20,1,574,0,0,0,0,0.0
PID,0.063->0.050,P18,0,3,0,0,0,0,0.0
PID,0.063->0.050,P18,1,917,0,0,0,0,0.0
PID,0.080->0.063,P17,0,782,1,0,1,0,0.0012787723785166241
PID,0.320->0.215,P08,0,774,0,0,0,0,0.0
PID,0.628->0.458,P07,0,430,66,1,0,66,0.15348837209302327
PID,0.628->0.458 acceleration,P06,0,46,29,2,0,29,0.6304347826086957
PID,1.000->0.628,P05,0,384,384,384,2,86,1.0
