output_clip_scale,policy,event_count,eligible_transitions,T_count,h_count,S_count,equal_condition_pooled_transition_rate,conditions,pooled_event_rate,condition_equal_mean_file_ratio
6.0,C2,664,5495,528,13,368,0.2979007522212149,8,0.12083712465878071,0.2980820303359657
6.0,C7-Core,665,5495,529,13,368,0.2981914498956335,8,0.12101910828025478,0.29837272801038434
6.0,OC-PID,652,5495,515,11,368,0.28726315036550804,8,0.1186533212010919,0.28744442848025886
6.0,PID,667,5495,534,14,372,0.2982475543048164,8,0.12138307552320292,0.29837576631867446
8.0,C2,481,5495,387,2,181,0.22326544825830133,8,0.08753412192902639,0.22323346325520255
8.0,C7-Core,481,5495,387,2,181,0.22326544825830133,8,0.08753412192902639,0.22323346325520255
8.0,OC-PID,480,5495,387,2,180,0.22054805695395352,8,0.08735213830755233,0.2205160719508547
8.0,PID,481,5495,388,3,181,0.22326544825830133,8,0.08753412192902639,0.22323346325520255
12.0,C2,129,5495,79,0,92,0.07179804674334345,8,0.023475887170154686,0.07179804674334342
12.0,C7-Core,129,5495,79,0,92,0.07179804674334345,8,0.023475887170154686,0.07179804674334342
12.0,OC-PID,129,5495,79,0,92,0.07179804674334345,8,0.023475887170154686,0.07179804674334342
12.0,PID,129,5495,79,0,92,0.07179804674334345,8,0.023475887170154686,0.07179804674334342
inf,C2,0,5495,0,0,0,0.0,8,0.0,0.0
inf,C7-Core,0,5495,0,0,0,0.0,8,0.0,0.0
inf,OC-PID,0,5495,0,0,0,0.0,8,0.0,0.0
inf,PID,0,5495,0,0,0,0.0,8,0.0,0.0
