target,model,mean_MASE,fold_SD,n_folds,mean_within_fold_seed_SD,fold_SE,eligible_one_se,selected,one_se_threshold,selection_note
exit_tension_error,Persistence,1.0,0.0,13,,0.0,True,True,1.0,Lowest-complexity model within one SE of the best 13-fold mean.
exit_tension_error,LinearARX,2.2523112339524043,3.084793151116935,13,,0.8555676831194033,False,False,1.0,
exit_tension_error,LSTM,33.315530386436166,43.90438234579198,13,11.742018169923808,12.176884751179148,False,False,1.0,
exit_tension_error,Transformer,43.59004124818107,49.523078623537096,13,16.21090044131117,13.735230715076739,False,False,1.0,
exit_tension_error,GRU,59.07035376945184,95.59301045502883,13,16.33956901209103,26.512730828582438,False,False,1.0,
exit_thickness_dev,GRU,0.8312331297433391,0.13784383955441848,13,0.022778289294535254,0.038231002424637464,True,True,0.8694641321679766,GRU and LSTM are within one SE; GRU retained for the slightly lower fold mean and SD and the locked deployment run.
exit_thickness_dev,LSTM,0.8314529067839135,0.14680977665877043,13,0.01972825298946185,0.04071770596020101,True,False,0.8694641321679766,
exit_thickness_dev,Transformer,0.8571859181024428,0.1597161217838454,13,0.04353640606960443,0.04429728204691582,True,False,0.8694641321679766,
exit_thickness_dev,Persistence,1.0,0.0,13,,0.0,False,False,0.8694641321679766,
exit_thickness_dev,LinearARX,1.020330430205068,0.3987428530877586,13,,0.11059136942559371,False,False,0.8694641321679766,
flatness_std,Persistence,1.0,0.0,13,,0.0,True,True,1.0,Lowest-complexity model within one SE of the best 13-fold mean.
flatness_std,LinearARX,1.0424189849324665,0.11472356031192239,13,,0.03181859070834013,False,False,1.0,
flatness_std,LSTM,20.24089639033469,11.509065904897618,13,2.2507900099781892,3.1920405579079016,False,False,1.0,
flatness_std,GRU,22.680355284873432,13.906457360858502,13,5.221488749012604,3.8569573134329964,False,False,1.0,
flatness_std,Transformer,33.0128297858451,11.691844567541654,13,2.6485754961422967,3.2427342379251174,False,False,1.0,
