policy,condition_id,row_scope,n_files,condition_rows,scope_rows,scope_fraction_of_condition_rows,below_count,inside_count,above_count,below_fraction_within_scope,inside_fraction_within_scope,above_fraction_within_scope,below_mean_distance_within_scope,above_mean_distance_within_scope,two_sided_mean_distance_within_scope,S_normalized_min,S_normalized_median,S_normalized_max,positive_8_boundary_rows,negative_8_boundary_rows,interpretation
C2,0.044->0.035,after_any_channel_guardrail,1,1092,1,0.0009157509157509158,1,0,0,1.0,0.0,0.0,1.3386922784068533,0.0,1.3386922784068533,0.3693483242692736,0.3693483242692736,0.3693483242692736,0,0,descriptive row composition only; transition flags are shifted from row k to row k+1 within segment; no causal attribution
C2,0.044->0.035,after_S_guardrail,0,1092,0,0.0,0,0,0,,,,,,,,,,0,0,descriptive row composition only; transition flags are shifted from row k to row k+1 within segment; no causal attribution
C2,0.050->0.040,after_any_channel_guardrail,0,1078,0,0.0,0,0,0,,,,,,,,,,0,0,descriptive row composition only; transition flags are shifted from row k to row k+1 within segment; no causal attribution
C2,0.050->0.040,after_S_guardrail,0,1078,0,0.0,0,0,0,,,,,,,,,,0,0,descriptive row composition only; transition flags are shifted from row k to row k+1 within segment; no causal attribution
C2,0.063->0.050,after_any_channel_guardrail,0,922,0,0.0,0,0,0,,,,,,,,,,0,0,descriptive row composition only; transition flags are shifted from row k to row k+1 within segment; no causal attribution
C2,0.063->0.050,after_S_guardrail,0,922,0,0.0,0,0,0,,,,,,,,,,0,0,descriptive row composition only; transition flags are shifted from row k to row k+1 within segment; no causal attribution
C2,0.080->0.063,after_any_channel_guardrail,1,783,1,0.001277139208173691,0,1,0,0.0,1.0,0.0,0.0,0.0,0.0,2.2414253962956736,2.2414253962956736,2.2414253962956736,0,0,descriptive row composition only; transition flags are shifted from row k to row k+1 within segment; no causal attribution
C2,0.080->0.063,after_S_guardrail,0,783,0,0.0,0,0,0,,,,,,,,,,0,0,descriptive row composition only; transition flags are shifted from row k to row k+1 within segment; no causal attribution
C2,0.320->0.215,after_any_channel_guardrail,0,775,0,0.0,0,0,0,,,,,,,,,,0,0,descriptive row composition only; transition flags are shifted from row k to row k+1 within segment; no causal attribution
C2,0.320->0.215,after_S_guardrail,0,775,0,0.0,0,0,0,,,,,,,,,,0,0,descriptive row composition only; transition flags are shifted from row k to row k+1 within segment; no causal attribution
C2,0.628->0.458,after_any_channel_guardrail,1,431,66,0.1531322505800464,0,6,60,0.0,0.09090909090909091,0.9090909090909091,0.0,1.418819816840184,1.418819816840184,8.000000000000002,8.000000000000002,8.000000000000002,66,0,descriptive row composition only; transition flags are shifted from row k to row k+1 within segment; no causal attribution
C2,0.628->0.458,after_S_guardrail,1,431,66,0.1531322505800464,0,6,60,0.0,0.09090909090909091,0.9090909090909091,0.0,1.418819816840184,1.418819816840184,8.000000000000002,8.000000000000002,8.000000000000002,66,0,descriptive row composition only; transition flags are shifted from row k to row k+1 within segment; no causal attribution
C2,0.628->0.458 acceleration,after_any_channel_guardrail,1,47,29,0.6170212765957447,0,17,12,0.0,0.5862068965517241,0.41379310344827586,0.0,0.5369411521318163,0.5369411521318163,8.000000000000002,8.000000000000002,8.000000000000002,29,0,descriptive row composition only; transition flags are shifted from row k to row k+1 within segment; no causal attribution
C2,0.628->0.458 acceleration,after_S_guardrail,1,47,29,0.6170212765957447,0,17,12,0.0,0.5862068965517241,0.41379310344827586,0.0,0.5369411521318163,0.5369411521318163,8.000000000000002,8.000000000000002,8.000000000000002,29,0,descriptive row composition only; transition flags are shifted from row k to row k+1 within segment; no causal attribution
C2,1.000->0.628,after_any_channel_guardrail,1,385,384,0.9974025974025974,0,206,178,0.0,0.5364583333333334,0.4635416666666667,0.0,0.4447071499486827,0.4447071499486827,3.1604443844163175,6.641497605673497,8.0,86,0,descriptive row composition only; transition flags are shifted from row k to row k+1 within segment; no causal attribution
C2,1.000->0.628,after_S_guardrail,1,385,86,0.22337662337662337,0,39,47,0.0,0.45348837209302323,0.5465116279069767,0.0,0.869279285132503,0.869279285132503,8.0,8.0,8.0,86,0,descriptive row composition only; transition flags are shifted from row k to row k+1 within segment; no causal attribution
C7-Core,0.044->0.035,after_any_channel_guardrail,1,1092,1,0.0009157509157509158,1,0,0,1.0,0.0,0.0,1.2333558476320554,0.0,1.2333558476320554,0.4746847550440716,0.4746847550440716,0.4746847550440716,0,0,descriptive row composition only; transition flags are shifted from row k to row k+1 within segment; no causal attribution
C7-Core,0.044->0.035,after_S_guardrail,0,1092,0,0.0,0,0,0,,,,,,,,,,0,0,descriptive row composition only; transition flags are shifted from row k to row k+1 within segment; no causal attribution
C7-Core,0.050->0.040,after_any_channel_guardrail,0,1078,0,0.0,0,0,0,,,,,,,,,,0,0,descriptive row composition only; transition flags are shifted from row k to row k+1 within segment; no causal attribution
C7-Core,0.050->0.040,after_S_guardrail,0,1078,0,0.0,0,0,0,,,,,,,,,,0,0,descriptive row composition only; transition flags are shifted from row k to row k+1 within segment; no causal attribution
C7-Core,0.063->0.050,after_any_channel_guardrail,0,922,0,0.0,0,0,0,,,,,,,,,,0,0,descriptive row composition only; transition flags are shifted from row k to row k+1 within segment; no causal attribution
C7-Core,0.063->0.050,after_S_guardrail,0,922,0,0.0,0,0,0,,,,,,,,,,0,0,descriptive row composition only; transition flags are shifted from row k to row k+1 within segment; no causal attribution
C7-Core,0.080->0.063,after_any_channel_guardrail,1,783,1,0.001277139208173691,0,1,0,0.0,1.0,0.0,0.0,0.0,0.0,2.2414253962956736,2.2414253962956736,2.2414253962956736,0,0,descriptive row composition only; transition flags are shifted from row k to row k+1 within segment; no causal attribution
C7-Core,0.080->0.063,after_S_guardrail,0,783,0,0.0,0,0,0,,,,,,,,,,0,0,descriptive row composition only; transition flags are shifted from row k to row k+1 within segment; no causal attribution
C7-Core,0.320->0.215,after_any_channel_guardrail,0,775,0,0.0,0,0,0,,,,,,,,,,0,0,descriptive row composition only; transition flags are shifted from row k to row k+1 within segment; no causal attribution
C7-Core,0.320->0.215,after_S_guardrail,0,775,0,0.0,0,0,0,,,,,,,,,,0,0,descriptive row composition only; transition flags are shifted from row k to row k+1 within segment; no causal attribution
C7-Core,0.628->0.458,after_any_channel_guardrail,1,431,66,0.1531322505800464,0,6,60,0.0,0.09090909090909091,0.9090909090909091,0.0,1.418819816840184,1.418819816840184,8.000000000000002,8.000000000000002,8.000000000000002,66,0,descriptive row composition only; transition flags are shifted from row k to row k+1 within segment; no causal attribution
C7-Core,0.628->0.458,after_S_guardrail,1,431,66,0.1531322505800464,0,6,60,0.0,0.09090909090909091,0.9090909090909091,0.0,1.418819816840184,1.418819816840184,8.000000000000002,8.000000000000002,8.000000000000002,66,0,descriptive row composition only; transition flags are shifted from row k to row k+1 within segment; no causal attribution
C7-Core,0.628->0.458 acceleration,after_any_channel_guardrail,1,47,29,0.6170212765957447,0,17,12,0.0,0.5862068965517241,0.41379310344827586,0.0,0.5369411521318163,0.5369411521318163,8.000000000000002,8.000000000000002,8.000000000000002,29,0,descriptive row composition only; transition flags are shifted from row k to row k+1 within segment; no causal attribution
C7-Core,0.628->0.458 acceleration,after_S_guardrail,1,47,29,0.6170212765957447,0,17,12,0.0,0.5862068965517241,0.41379310344827586,0.0,0.5369411521318163,0.5369411521318163,8.000000000000002,8.000000000000002,8.000000000000002,29,0,descriptive row composition only; transition flags are shifted from row k to row k+1 within segment; no causal attribution
C7-Core,1.000->0.628,after_any_channel_guardrail,1,385,384,0.9974025974025974,0,206,178,0.0,0.5364583333333334,0.4635416666666667,0.0,0.444499872616768,0.444499872616768,3.1739150208066196,6.645406674554904,8.0,86,0,descriptive row composition only; transition flags are shifted from row k to row k+1 within segment; no causal attribution
C7-Core,1.000->0.628,after_S_guardrail,1,385,86,0.22337662337662337,0,39,47,0.0,0.45348837209302323,0.5465116279069767,0.0,0.869279285132503,0.869279285132503,8.0,8.0,8.0,86,0,descriptive row composition only; transition flags are shifted from row k to row k+1 within segment; no causal attribution
OC-PID,0.044->0.035,after_any_channel_guardrail,1,1092,1,0.0009157509157509158,1,0,0,1.0,0.0,0.0,1.5077879612180811,0.0,1.5077879612180811,0.20025264145804586,0.20025264145804586,0.20025264145804586,0,0,descriptive row composition only; transition flags are shifted from row k to row k+1 within segment; no causal attribution
OC-PID,0.044->0.035,after_S_guardrail,0,1092,0,0.0,0,0,0,,,,,,,,,,0,0,descriptive row composition only; transition flags are shifted from row k to row k+1 within segment; no causal attribution
OC-PID,0.050->0.040,after_any_channel_guardrail,0,1078,0,0.0,0,0,0,,,,,,,,,,0,0,descriptive row composition only; transition flags are shifted from row k to row k+1 within segment; no causal attribution
OC-PID,0.050->0.040,after_S_guardrail,0,1078,0,0.0,0,0,0,,,,,,,,,,0,0,descriptive row composition only; transition flags are shifted from row k to row k+1 within segment; no causal attribution
OC-PID,0.063->0.050,after_any_channel_guardrail,0,922,0,0.0,0,0,0,,,,,,,,,,0,0,descriptive row composition only; transition flags are shifted from row k to row k+1 within segment; no causal attribution
OC-PID,0.063->0.050,after_S_guardrail,0,922,0,0.0,0,0,0,,,,,,,,,,0,0,descriptive row composition only; transition flags are shifted from row k to row k+1 within segment; no causal attribution
OC-PID,0.080->0.063,after_any_channel_guardrail,1,783,1,0.001277139208173691,0,1,0,0.0,1.0,0.0,0.0,0.0,0.0,2.223033739125969,2.223033739125969,2.223033739125969,0,0,descriptive row composition only; transition flags are shifted from row k to row k+1 within segment; no causal attribution
OC-PID,0.080->0.063,after_S_guardrail,0,783,0,0.0,0,0,0,,,,,,,,,,0,0,descriptive row composition only; transition flags are shifted from row k to row k+1 within segment; no causal attribution
OC-PID,0.320->0.215,after_any_channel_guardrail,0,775,0,0.0,0,0,0,,,,,,,,,,0,0,descriptive row composition only; transition flags are shifted from row k to row k+1 within segment; no causal attribution
OC-PID,0.320->0.215,after_S_guardrail,0,775,0,0.0,0,0,0,,,,,,,,,,0,0,descriptive row composition only; transition flags are shifted from row k to row k+1 within segment; no causal attribution
OC-PID,0.628->0.458,after_any_channel_guardrail,1,431,66,0.1531322505800464,0,6,60,0.0,0.09090909090909091,0.9090909090909091,0.0,1.418819816840184,1.418819816840184,8.000000000000002,8.000000000000002,8.000000000000002,66,0,descriptive row composition only; transition flags are shifted from row k to row k+1 within segment; no causal attribution
OC-PID,0.628->0.458,after_S_guardrail,1,431,66,0.1531322505800464,0,6,60,0.0,0.09090909090909091,0.9090909090909091,0.0,1.418819816840184,1.418819816840184,8.000000000000002,8.000000000000002,8.000000000000002,66,0,descriptive row composition only; transition flags are shifted from row k to row k+1 within segment; no causal attribution
OC-PID,0.628->0.458 acceleration,after_any_channel_guardrail,1,47,28,0.5957446808510638,0,17,11,0.0,0.6071428571428571,0.39285714285714285,0.0,0.5097744866965755,0.5097744866965755,8.000000000000002,8.000000000000002,8.000000000000002,28,0,descriptive row composition only; transition flags are shifted from row k to row k+1 within segment; no causal attribution
OC-PID,0.628->0.458 acceleration,after_S_guardrail,1,47,28,0.5957446808510638,0,17,11,0.0,0.6071428571428571,0.39285714285714285,0.0,0.5097744866965755,0.5097744866965755,8.000000000000002,8.000000000000002,8.000000000000002,28,0,descriptive row composition only; transition flags are shifted from row k to row k+1 within segment; no causal attribution
OC-PID,1.000->0.628,after_any_channel_guardrail,1,385,384,0.9974025974025974,0,203,181,0.0,0.5286458333333334,0.4713541666666667,0.0,0.4479878601882162,0.4479878601882162,3.1648253038705283,6.669509095927123,8.0,86,0,descriptive row composition only; transition flags are shifted from row k to row k+1 within segment; no causal attribution
OC-PID,1.000->0.628,after_S_guardrail,1,385,86,0.22337662337662337,0,39,47,0.0,0.45348837209302323,0.5465116279069767,0.0,0.869279285132503,0.869279285132503,8.0,8.0,8.0,86,0,descriptive row composition only; transition flags are shifted from row k to row k+1 within segment; no causal attribution
PID,0.044->0.035,after_any_channel_guardrail,1,1092,1,0.0009157509157509158,1,0,0,1.0,0.0,0.0,1.388691400862452,0.0,1.388691400862452,0.319349201813675,0.319349201813675,0.319349201813675,0,0,descriptive row composition only; transition flags are shifted from row k to row k+1 within segment; no causal attribution
PID,0.044->0.035,after_S_guardrail,0,1092,0,0.0,0,0,0,,,,,,,,,,0,0,descriptive row composition only; transition flags are shifted from row k to row k+1 within segment; no causal attribution
PID,0.050->0.040,after_any_channel_guardrail,0,1078,0,0.0,0,0,0,,,,,,,,,,0,0,descriptive row composition only; transition flags are shifted from row k to row k+1 within segment; no causal attribution
PID,0.050->0.040,after_S_guardrail,0,1078,0,0.0,0,0,0,,,,,,,,,,0,0,descriptive row composition only; transition flags are shifted from row k to row k+1 within segment; no causal attribution
PID,0.063->0.050,after_any_channel_guardrail,0,922,0,0.0,0,0,0,,,,,,,,,,0,0,descriptive row composition only; transition flags are shifted from row k to row k+1 within segment; no causal attribution
PID,0.063->0.050,after_S_guardrail,0,922,0,0.0,0,0,0,,,,,,,,,,0,0,descriptive row composition only; transition flags are shifted from row k to row k+1 within segment; no causal attribution
PID,0.080->0.063,after_any_channel_guardrail,1,783,1,0.001277139208173691,0,1,0,0.0,1.0,0.0,0.0,0.0,0.0,2.265947605842493,2.265947605842493,2.265947605842493,0,0,descriptive row composition only; transition flags are shifted from row k to row k+1 within segment; no causal attribution
PID,0.080->0.063,after_S_guardrail,0,783,0,0.0,0,0,0,,,,,,,,,,0,0,descriptive row composition only; transition flags are shifted from row k to row k+1 within segment; no causal attribution
PID,0.320->0.215,after_any_channel_guardrail,0,775,0,0.0,0,0,0,,,,,,,,,,0,0,descriptive row composition only; transition flags are shifted from row k to row k+1 within segment; no causal attribution
PID,0.320->0.215,after_S_guardrail,0,775,0,0.0,0,0,0,,,,,,,,,,0,0,descriptive row composition only; transition flags are shifted from row k to row k+1 within segment; no causal attribution
PID,0.628->0.458,after_any_channel_guardrail,1,431,66,0.1531322505800464,0,6,60,0.0,0.09090909090909091,0.9090909090909091,0.0,1.418819816840184,1.418819816840184,8.000000000000002,8.000000000000002,8.000000000000002,66,0,descriptive row composition only; transition flags are shifted from row k to row k+1 within segment; no causal attribution
PID,0.628->0.458,after_S_guardrail,1,431,66,0.1531322505800464,0,6,60,0.0,0.09090909090909091,0.9090909090909091,0.0,1.418819816840184,1.418819816840184,8.000000000000002,8.000000000000002,8.000000000000002,66,0,descriptive row composition only; transition flags are shifted from row k to row k+1 within segment; no causal attribution
PID,0.628->0.458 acceleration,after_any_channel_guardrail,1,47,29,0.6170212765957447,0,17,12,0.0,0.5862068965517241,0.41379310344827586,0.0,0.5369411521318163,0.5369411521318163,8.000000000000002,8.000000000000002,8.000000000000002,29,0,descriptive row composition only; transition flags are shifted from row k to row k+1 within segment; no causal attribution
PID,0.628->0.458 acceleration,after_S_guardrail,1,47,29,0.6170212765957447,0,17,12,0.0,0.5862068965517241,0.41379310344827586,0.0,0.5369411521318163,0.5369411521318163,8.000000000000002,8.000000000000002,8.000000000000002,29,0,descriptive row composition only; transition flags are shifted from row k to row k+1 within segment; no causal attribution
PID,1.000->0.628,after_any_channel_guardrail,1,385,384,0.9974025974025974,0,205,179,0.0,0.5338541666666666,0.4661458333333333,0.0,0.44488023159093704,0.44488023159093704,3.167792780311915,6.63803125048709,8.0,86,0,descriptive row composition only; transition flags are shifted from row k to row k+1 within segment; no causal attribution
PID,1.000->0.628,after_S_guardrail,1,385,86,0.22337662337662337,0,39,47,0.0,0.45348837209302323,0.5465116279069767,0.0,0.869279285132503,0.869279285132503,8.0,8.0,8.0,86,0,descriptive row composition only; transition flags are shifted from row k to row k+1 within segment; no causal attribution
