policy,condition_id,pass_id,file,n_rows,below_count,inside_count,above_count,below_frequency,above_frequency,recorded_band_departure_frequency,below_mean_distance,above_mean_distance,two_sided_mean_distance,tail_rows,below_cvar95_component,above_cvar95_component,two_sided_cvar95,S_normalized_mean,S_normalized_median,S_normalized_rms,aggregation,interpretation
C2,0.044->0.035,P15,P15.csv,337,307,30,0,0.9109792284866469,0.0,0.9109792284866469,0.5123639264025651,0.0,0.5123639264025651,17,1.3827927310296784,0.0,1.3827927310296784,0.8159307803281062,0.6211519568016379,1.1091497954464833,one replay pass/file,two-sided distance from the Data1 recorded operating band; not a one-sided flatness-quality or safety metric
C2,0.044->0.035,P16,P16.csv,755,722,33,0,0.9562913907284768,0.0,0.9562913907284768,0.5346085041190392,0.0,0.5346085041190392,38,1.32591386841106,0.0,1.32591386841106,0.6898028586718514,0.54372053689824,0.9728569207297834,one replay pass/file,two-sided distance from the Data1 recorded operating band; not a one-sided flatness-quality or safety metric
C2,0.050->0.040,P19,P19.csv,493,484,9,0,0.9817444219066938,0.0,0.9817444219066938,0.6863693661433075,0.0,0.6863693661433075,25,1.4833309679690287,0.0,1.4833309679690287,0.4879713127425663,0.45060354934034563,0.5782269417772857,one replay pass/file,two-sided distance from the Data1 recorded operating band; not a one-sided flatness-quality or safety metric
C2,0.050->0.040,P20,P20.csv,585,576,9,0,0.9846153846153847,0.0,0.9846153846153847,0.6869510408385818,0.0,0.6869510408385818,30,1.4216929349883045,0.0,1.4216929349883045,0.4713275745076192,0.4361883236312818,0.5503781704596963,one replay pass/file,two-sided distance from the Data1 recorded operating band; not a one-sided flatness-quality or safety metric
C2,0.063->0.050,P18,P18.csv,922,694,228,0,0.7527114967462039,0.0,0.7527114967462039,0.34616641209932736,0.0,0.34616641209932736,47,1.1339658735426021,0.0,1.1339658735426021,1.042077427674463,0.7067697361828085,1.3876358612237876,one replay pass/file,two-sided distance from the Data1 recorded operating band; not a one-sided flatness-quality or safety metric
C2,0.080->0.063,P17,P17.csv,783,733,50,0,0.9361430395913155,0.0,0.9361430395913155,0.5476741709104279,0.0,0.5476741709104279,40,1.1521051065040144,0.0,1.1521051065040144,0.5933251865616538,0.5255501456963667,0.6622024636531257,one replay pass/file,two-sided distance from the Data1 recorded operating band; not a one-sided flatness-quality or safety metric
C2,0.320->0.215,P08,P08.csv,775,769,6,0,0.9922580645161291,0.0,0.9922580645161291,0.5920909403513457,0.0,0.5920909403513457,39,1.2325713704133827,0.0,1.2325713704133827,0.5499013617528943,0.5255490380969694,0.6156707376331304,one replay pass/file,two-sided distance from the Data1 recorded operating band; not a one-sided flatness-quality or safety metric
C2,0.628->0.458,P07,P07.csv,431,0,304,127,0.0,0.29466357308584684,0.29466357308584684,0.0,0.320510927459858,0.320510927459858,22,0.0,2.1971906004706656,2.1971906004706656,5.513225135619447,5.578797266340788,5.822080571512082,one replay pass/file,two-sided distance from the Data1 recorded operating band; not a one-sided flatness-quality or safety metric
C2,0.628->0.458 acceleration,P06,P06.csv,47,0,29,18,0.0,0.3829787234042553,0.3829787234042553,0.0,0.5215392273098041,0.5215392273098041,3,0.0,2.574330645422527,2.574330645422527,7.748262095322992,8.000000000000002,7.822737425093174,one replay pass/file,two-sided distance from the Data1 recorded operating band; not a one-sided flatness-quality or safety metric
C2,1.000->0.628,P05,P05.csv,385,0,206,179,0.0,0.4649350649350649,0.4649350649350649,0.0,0.47927736174723023,0.47927736174723023,20,0.0,2.239510793758734,2.239510793758734,6.58478999340332,6.643884340565778,6.752207182303192,one replay pass/file,two-sided distance from the Data1 recorded operating band; not a one-sided flatness-quality or safety metric
C7-Core,0.044->0.035,P15,P15.csv,337,300,37,0,0.8902077151335311,0.0,0.8902077151335311,0.3869979156288902,0.0,0.3869979156288902,17,1.2586872374557192,0.0,1.2586872374557192,0.9429786214602751,0.771900515764927,1.1854205883792417,one replay pass/file,two-sided distance from the Data1 recorded operating band; not a one-sided flatness-quality or safety metric
C7-Core,0.044->0.035,P16,P16.csv,755,714,41,0,0.9456953642384106,0.0,0.9456953642384106,0.40556108836407345,0.0,0.40556108836407345,38,1.2309513560434486,0.0,1.2309513560434486,0.8191924487961718,0.6727556604316511,1.0533557570790024,one replay pass/file,two-sided distance from the Data1 recorded operating band; not a one-sided flatness-quality or safety metric
C7-Core,0.050->0.040,P19,P19.csv,493,484,9,0,0.9817444219066938,0.0,0.9817444219066938,0.57711180212987,0.0,0.57711180212987,25,1.4059705168579253,0.0,1.4059705168579253,0.5972288767560037,0.5650015016441241,0.6688577931432895,one replay pass/file,two-sided distance from the Data1 recorded operating band; not a one-sided flatness-quality or safety metric
C7-Core,0.050->0.040,P20,P20.csv,585,576,9,0,0.9846153846153847,0.0,0.9846153846153847,0.5810553862644621,0.0,0.5810553862644621,30,1.341115364889459,0.0,1.341115364889459,0.5772232290817393,0.5417304429755638,0.6398518135105228,one replay pass/file,two-sided distance from the Data1 recorded operating band; not a one-sided flatness-quality or safety metric
C7-Core,0.063->0.050,P18,P18.csv,922,672,250,0,0.7288503253796096,0.0,0.7288503253796096,0.24356730592279746,0.0,0.24356730592279746,47,1.0160269397375385,0.0,1.0160269397375385,1.1466577122900365,0.8464530555725518,1.4408945032706744,one replay pass/file,two-sided distance from the Data1 recorded operating band; not a one-sided flatness-quality or safety metric
C7-Core,0.080->0.063,P17,P17.csv,783,725,58,0,0.9259259259259259,0.0,0.9259259259259259,0.45781470462140395,0.0,0.45781470462140395,40,1.0474463739772406,0.0,1.0474463739772406,0.6856029702435681,0.6170624938339632,0.7434906343332605,one replay pass/file,two-sided distance from the Data1 recorded operating band; not a one-sided flatness-quality or safety metric
C7-Core,0.320->0.215,P08,P08.csv,775,769,6,0,0.9922580645161291,0.0,0.9922580645161291,0.5340588238443269,0.0,0.5340588238443269,39,1.1738822999389409,0.0,1.1738822999389409,0.6079431916274378,0.5825441250380217,0.6665577506313772,one replay pass/file,two-sided distance from the Data1 recorded operating band; not a one-sided flatness-quality or safety metric
C7-Core,0.628->0.458,P07,P07.csv,431,0,304,127,0.0,0.29466357308584684,0.29466357308584684,0.0,0.3199272751750018,0.3199272751750018,22,0.0,2.1971906004706656,2.1971906004706656,5.512711039783029,5.579416430812883,5.821728730854516,one replay pass/file,two-sided distance from the Data1 recorded operating band; not a one-sided flatness-quality or safety metric
C7-Core,0.628->0.458 acceleration,P06,P06.csv,47,0,29,18,0.0,0.3829787234042553,0.3829787234042553,0.0,0.5215499201808151,0.5215499201808151,3,0.0,2.574330645422527,2.574330645422527,7.748706166862636,8.000000000000002,7.823094869557456,one replay pass/file,two-sided distance from the Data1 recorded operating band; not a one-sided flatness-quality or safety metric
C7-Core,1.000->0.628,P05,P05.csv,385,0,206,179,0.0,0.4649350649350649,0.4649350649350649,0.0,0.4790706227979956,0.4790706227979956,20,0.0,2.239510793758734,2.239510793758734,6.585089054608133,6.646236358850247,6.7523307200616625,one replay pass/file,two-sided distance from the Data1 recorded operating band; not a one-sided flatness-quality or safety metric
OC-PID,0.044->0.035,P15,P15.csv,337,291,46,0,0.8635014836795252,0.0,0.8635014836795252,0.43415253005443005,0.0,0.43415253005443005,17,1.5026489942593437,0.0,1.5026489942593437,0.8898206913731475,0.7583906684876282,1.1501697818305965,one replay pass/file,two-sided distance from the Data1 recorded operating band; not a one-sided flatness-quality or safety metric
OC-PID,0.044->0.035,P16,P16.csv,755,714,41,0,0.9456953642384106,0.0,0.9456953642384106,0.4799807656358985,0.0,0.4799807656358985,38,1.4806904711700262,0.0,1.4806904711700262,0.7395960768768329,0.5703668925882008,0.9996192006828967,one replay pass/file,two-sided distance from the Data1 recorded operating band; not a one-sided flatness-quality or safety metric
OC-PID,0.050->0.040,P19,P19.csv,493,484,9,0,0.9817444219066938,0.0,0.9817444219066938,0.7313756042718154,0.0,0.7313756042718154,25,1.716080328478323,0.0,1.716080328478323,0.4412493615866822,0.40094741529524364,0.5568375022671512,one replay pass/file,two-sided distance from the Data1 recorded operating band; not a one-sided flatness-quality or safety metric
OC-PID,0.050->0.040,P20,P20.csv,585,577,8,0,0.9863247863247864,0.0,0.9863247863247864,0.7444147601304782,0.0,0.7444147601304782,30,1.6286863693237845,0.0,1.6286863693237845,0.4128879266498355,0.3555988184696848,0.5193150353998345,one replay pass/file,two-sided distance from the Data1 recorded operating band; not a one-sided flatness-quality or safety metric
OC-PID,0.063->0.050,P18,P18.csv,922,674,248,0,0.7310195227765727,0.0,0.7310195227765727,0.30916246633678574,0.0,0.30916246633678574,47,1.2300313426771416,0.0,1.2300313426771416,1.0830376801121087,0.782565969299851,1.4082461635184622,one replay pass/file,two-sided distance from the Data1 recorded operating band; not a one-sided flatness-quality or safety metric
OC-PID,0.080->0.063,P17,P17.csv,783,719,64,0,0.9182630906768838,0.0,0.9182630906768838,0.5897954642995379,0.0,0.5897954642995379,40,1.2210114567695354,0.0,1.2210114567695354,0.5547665195311428,0.4520493659323117,0.6607415159728915,one replay pass/file,two-sided distance from the Data1 recorded operating band; not a one-sided flatness-quality or safety metric
OC-PID,0.320->0.215,P08,P08.csv,775,768,7,0,0.9909677419354839,0.0,0.9909677419354839,0.5749254660819528,0.0,0.5749254660819528,39,1.211381913451899,0.0,1.211381913451899,0.56748367879026,0.5314027621037003,0.6369682418484149,one replay pass/file,two-sided distance from the Data1 recorded operating band; not a one-sided flatness-quality or safety metric
OC-PID,0.628->0.458,P07,P07.csv,431,0,303,128,0.0,0.29698375870069604,0.29698375870069604,0.0,0.3218845507652655,0.3218845507652655,22,0.0,2.1971906004706656,2.1971906004706656,5.525021049881062,5.612922802550686,5.834162984237617,one replay pass/file,two-sided distance from the Data1 recorded operating band; not a one-sided flatness-quality or safety metric
OC-PID,0.628->0.458 acceleration,P06,P06.csv,47,0,30,17,0.0,0.3617021276595745,0.3617021276595745,0.0,0.4988943114561266,0.4988943114561266,3,0.0,2.574330645422527,2.574330645422527,7.71091671680453,8.000000000000002,7.788835892180024,one replay pass/file,two-sided distance from the Data1 recorded operating band; not a one-sided flatness-quality or safety metric
OC-PID,1.000->0.628,P05,P05.csv,385,0,203,182,0.0,0.4727272727272727,0.4727272727272727,0.0,0.4825495506614661,0.4825495506614661,20,0.0,2.239510793758734,2.239510793758734,6.600121832098881,6.67514161995328,6.765183759208176,one replay pass/file,two-sided distance from the Data1 recorded operating band; not a one-sided flatness-quality or safety metric
PID,0.044->0.035,P15,P15.csv,337,306,31,0,0.9080118694362018,0.0,0.9080118694362018,0.6656022508821037,0.0,0.6656022508821037,17,1.5475713561800775,0.0,1.5475713561800775,0.6781956999050884,0.415398140343405,1.087007258761351,one replay pass/file,two-sided distance from the Data1 recorded operating band; not a one-sided flatness-quality or safety metric
PID,0.044->0.035,P16,P16.csv,755,721,34,0,0.9549668874172186,0.0,0.9549668874172186,0.7142815813175356,0.0,0.7142815813175356,38,1.4843769544393515,0.0,1.4843769544393515,0.519858873407876,0.34620079090894457,0.9208959369292661,one replay pass/file,two-sided distance from the Data1 recorded operating band; not a one-sided flatness-quality or safety metric
PID,0.050->0.040,P19,P19.csv,493,483,10,0,0.9797160243407708,0.0,0.9797160243407708,0.8432213310854354,0.0,0.8432213310854354,25,1.5873562977402977,0.0,1.5873562977402977,0.3342275373148523,0.29105582763938037,0.48753452453436336,one replay pass/file,two-sided distance from the Data1 recorded operating band; not a one-sided flatness-quality or safety metric
PID,0.050->0.040,P20,P20.csv,585,575,10,0,0.9829059829059829,0.0,0.9829059829059829,0.8455664131246798,0.0,0.8455664131246798,30,1.5665167601923795,0.0,1.5665167601923795,0.31534105307063626,0.2756608229840538,0.45561909279664753,one replay pass/file,two-sided distance from the Data1 recorded operating band; not a one-sided flatness-quality or safety metric
PID,0.063->0.050,P18,P18.csv,922,694,228,0,0.7527114967462039,0.0,0.7527114967462039,0.4776076993957818,0.0,0.4776076993957818,47,1.357226940675866,0.0,1.357226940675866,0.9141340629597082,0.5040149059974884,1.3513790713840708,one replay pass/file,two-sided distance from the Data1 recorded operating band; not a one-sided flatness-quality or safety metric
PID,0.080->0.063,P17,P17.csv,783,730,53,0,0.9323116219667944,0.0,0.9323116219667944,0.67621427301792,0.0,0.67621427301792,40,1.3588366128192901,0.0,1.3588366128192901,0.46435255947163306,0.36698344662148996,0.576458621713536,one replay pass/file,two-sided distance from the Data1 recorded operating band; not a one-sided flatness-quality or safety metric
PID,0.320->0.215,P08,P08.csv,775,768,7,0,0.9909677419354839,0.0,0.9909677419354839,0.7156951512368851,0.0,0.7156951512368851,39,1.3667913708815527,0.0,1.3667913708815527,0.42658547561271243,0.39355475155671743,0.5161216953696877,one replay pass/file,two-sided distance from the Data1 recorded operating band; not a one-sided flatness-quality or safety metric
PID,0.628->0.458,P07,P07.csv,431,0,304,127,0.0,0.29466357308584684,0.29466357308584684,0.0,0.320820880162758,0.320820880162758,22,0.0,2.1971906004706656,2.1971906004706656,5.5151093952542105,5.5814133417176315,5.824380298876663,one replay pass/file,two-sided distance from the Data1 recorded operating band; not a one-sided flatness-quality or safety metric
PID,0.628->0.458 acceleration,P06,P06.csv,47,0,29,18,0.0,0.3829787234042553,0.3829787234042553,0.0,0.5197219236714049,0.5197219236714049,3,0.0,2.574330645422527,2.574330645422527,7.746424473709674,8.000000000000002,7.8211415225717404,one replay pass/file,two-sided distance from the Data1 recorded operating band; not a one-sided flatness-quality or safety metric
PID,1.000->0.628,P05,P05.csv,385,0,205,180,0.0,0.4675324675324675,0.4675324675324675,0.0,0.4794499938267773,0.4794499938267773,20,0.0,2.239510793758734,2.239510793758734,6.586380215836949,6.6380365734753815,6.753538177904632,one replay pass/file,two-sided distance from the Data1 recorded operating band; not a one-sided flatness-quality or safety metric
