policy,condition_id,n_files,n_rows,below_count,inside_count,above_count,below_frequency,above_frequency,recorded_band_departure_frequency,below_mean_distance,above_mean_distance,two_sided_mean_distance,below_cvar95_component,above_cvar95_component,two_sided_cvar95,S_normalized_mean,S_normalized_median,S_normalized_rms,aggregation,interpretation
C2,0.044->0.035,2,1092,1029,63,0,0.9336353096075618,0.0,0.9336353096075618,0.5234862152608022,0.0,0.5234862152608022,1.354353299720369,0.0,1.354353299720369,0.7528668194999788,0.5824362468499389,1.0410033580881333,files first averaged within thickness transition,two-sided distance from the Data1 recorded operating band; not a one-sided flatness-quality or safety metric
C2,0.050->0.040,2,1078,1060,18,0,0.9831799032610392,0.0,0.9831799032610392,0.6866602034909446,0.0,0.6866602034909446,1.4525119514786666,0.0,1.4525119514786666,0.47964944362509276,0.4433959364858137,0.564302556118491,files first averaged within thickness transition,two-sided distance from the Data1 recorded operating band; not a one-sided flatness-quality or safety metric
C2,0.063->0.050,1,922,694,228,0,0.7527114967462039,0.0,0.7527114967462039,0.34616641209932736,0.0,0.34616641209932736,1.1339658735426021,0.0,1.1339658735426021,1.042077427674463,0.7067697361828085,1.3876358612237876,files first averaged within thickness transition,two-sided distance from the Data1 recorded operating band; not a one-sided flatness-quality or safety metric
C2,0.080->0.063,1,783,733,50,0,0.9361430395913155,0.0,0.9361430395913155,0.5476741709104279,0.0,0.5476741709104279,1.1521051065040144,0.0,1.1521051065040144,0.5933251865616538,0.5255501456963667,0.6622024636531257,files first averaged within thickness transition,two-sided distance from the Data1 recorded operating band; not a one-sided flatness-quality or safety metric
C2,0.320->0.215,1,775,769,6,0,0.9922580645161291,0.0,0.9922580645161291,0.5920909403513457,0.0,0.5920909403513457,1.2325713704133827,0.0,1.2325713704133827,0.5499013617528943,0.5255490380969694,0.6156707376331304,files first averaged within thickness transition,two-sided distance from the Data1 recorded operating band; not a one-sided flatness-quality or safety metric
C2,0.628->0.458,1,431,0,304,127,0.0,0.29466357308584684,0.29466357308584684,0.0,0.320510927459858,0.320510927459858,0.0,2.1971906004706656,2.1971906004706656,5.513225135619447,5.578797266340788,5.822080571512082,files first averaged within thickness transition,two-sided distance from the Data1 recorded operating band; not a one-sided flatness-quality or safety metric
C2,0.628->0.458 acceleration,1,47,0,29,18,0.0,0.3829787234042553,0.3829787234042553,0.0,0.5215392273098041,0.5215392273098041,0.0,2.574330645422527,2.574330645422527,7.748262095322992,8.000000000000002,7.822737425093174,files first averaged within thickness transition,two-sided distance from the Data1 recorded operating band; not a one-sided flatness-quality or safety metric
C2,1.000->0.628,1,385,0,206,179,0.0,0.4649350649350649,0.4649350649350649,0.0,0.47927736174723023,0.47927736174723023,0.0,2.239510793758734,2.239510793758734,6.58478999340332,6.643884340565778,6.752207182303192,files first averaged within thickness transition,two-sided distance from the Data1 recorded operating band; not a one-sided flatness-quality or safety metric
C7-Core,0.044->0.035,2,1092,1014,78,0,0.9179515396859709,0.0,0.9179515396859709,0.3962795019964818,0.0,0.3962795019964818,1.244819296749584,0.0,1.244819296749584,0.8810855351282234,0.7223280880982891,1.119388172729122,files first averaged within thickness transition,two-sided distance from the Data1 recorded operating band; not a one-sided flatness-quality or safety metric
C7-Core,0.050->0.040,2,1078,1060,18,0,0.9831799032610392,0.0,0.9831799032610392,0.579083594197166,0.0,0.579083594197166,1.373542940873692,0.0,1.373542940873692,0.5872260529188715,0.553365972309844,0.6543548033269062,files first averaged within thickness transition,two-sided distance from the Data1 recorded operating band; not a one-sided flatness-quality or safety metric
C7-Core,0.063->0.050,1,922,672,250,0,0.7288503253796096,0.0,0.7288503253796096,0.24356730592279746,0.0,0.24356730592279746,1.0160269397375385,0.0,1.0160269397375385,1.1466577122900365,0.8464530555725518,1.4408945032706744,files first averaged within thickness transition,two-sided distance from the Data1 recorded operating band; not a one-sided flatness-quality or safety metric
C7-Core,0.080->0.063,1,783,725,58,0,0.9259259259259259,0.0,0.9259259259259259,0.45781470462140395,0.0,0.45781470462140395,1.0474463739772406,0.0,1.0474463739772406,0.6856029702435681,0.6170624938339632,0.7434906343332605,files first averaged within thickness transition,two-sided distance from the Data1 recorded operating band; not a one-sided flatness-quality or safety metric
C7-Core,0.320->0.215,1,775,769,6,0,0.9922580645161291,0.0,0.9922580645161291,0.5340588238443269,0.0,0.5340588238443269,1.1738822999389409,0.0,1.1738822999389409,0.6079431916274378,0.5825441250380217,0.6665577506313772,files first averaged within thickness transition,two-sided distance from the Data1 recorded operating band; not a one-sided flatness-quality or safety metric
C7-Core,0.628->0.458,1,431,0,304,127,0.0,0.29466357308584684,0.29466357308584684,0.0,0.3199272751750018,0.3199272751750018,0.0,2.1971906004706656,2.1971906004706656,5.512711039783029,5.579416430812883,5.821728730854516,files first averaged within thickness transition,two-sided distance from the Data1 recorded operating band; not a one-sided flatness-quality or safety metric
C7-Core,0.628->0.458 acceleration,1,47,0,29,18,0.0,0.3829787234042553,0.3829787234042553,0.0,0.5215499201808151,0.5215499201808151,0.0,2.574330645422527,2.574330645422527,7.748706166862636,8.000000000000002,7.823094869557456,files first averaged within thickness transition,two-sided distance from the Data1 recorded operating band; not a one-sided flatness-quality or safety metric
C7-Core,1.000->0.628,1,385,0,206,179,0.0,0.4649350649350649,0.4649350649350649,0.0,0.4790706227979956,0.4790706227979956,0.0,2.239510793758734,2.239510793758734,6.585089054608133,6.646236358850247,6.7523307200616625,files first averaged within thickness transition,two-sided distance from the Data1 recorded operating band; not a one-sided flatness-quality or safety metric
OC-PID,0.044->0.035,2,1092,1005,87,0,0.904598423958968,0.0,0.904598423958968,0.45706664784516426,0.0,0.45706664784516426,1.4916697327146848,0.0,1.4916697327146848,0.8147083841249902,0.6643787805379144,1.0748944912567466,files first averaged within thickness transition,two-sided distance from the Data1 recorded operating band; not a one-sided flatness-quality or safety metric
OC-PID,0.050->0.040,2,1078,1061,17,0,0.9840346041157401,0.0,0.9840346041157401,0.7378951822011468,0.0,0.7378951822011468,1.6723833489010538,0.0,1.6723833489010538,0.42706864411825884,0.37827311688246423,0.5380762688334928,files first averaged within thickness transition,two-sided distance from the Data1 recorded operating band; not a one-sided flatness-quality or safety metric
OC-PID,0.063->0.050,1,922,674,248,0,0.7310195227765727,0.0,0.7310195227765727,0.30916246633678574,0.0,0.30916246633678574,1.2300313426771416,0.0,1.2300313426771416,1.0830376801121087,0.782565969299851,1.4082461635184622,files first averaged within thickness transition,two-sided distance from the Data1 recorded operating band; not a one-sided flatness-quality or safety metric
OC-PID,0.080->0.063,1,783,719,64,0,0.9182630906768838,0.0,0.9182630906768838,0.5897954642995379,0.0,0.5897954642995379,1.2210114567695354,0.0,1.2210114567695354,0.5547665195311428,0.4520493659323117,0.6607415159728915,files first averaged within thickness transition,two-sided distance from the Data1 recorded operating band; not a one-sided flatness-quality or safety metric
OC-PID,0.320->0.215,1,775,768,7,0,0.9909677419354839,0.0,0.9909677419354839,0.5749254660819528,0.0,0.5749254660819528,1.211381913451899,0.0,1.211381913451899,0.56748367879026,0.5314027621037003,0.6369682418484149,files first averaged within thickness transition,two-sided distance from the Data1 recorded operating band; not a one-sided flatness-quality or safety metric
OC-PID,0.628->0.458,1,431,0,303,128,0.0,0.29698375870069604,0.29698375870069604,0.0,0.3218845507652655,0.3218845507652655,0.0,2.1971906004706656,2.1971906004706656,5.525021049881062,5.612922802550686,5.834162984237617,files first averaged within thickness transition,two-sided distance from the Data1 recorded operating band; not a one-sided flatness-quality or safety metric
OC-PID,0.628->0.458 acceleration,1,47,0,30,17,0.0,0.3617021276595745,0.3617021276595745,0.0,0.4988943114561266,0.4988943114561266,0.0,2.574330645422527,2.574330645422527,7.71091671680453,8.000000000000002,7.788835892180024,files first averaged within thickness transition,two-sided distance from the Data1 recorded operating band; not a one-sided flatness-quality or safety metric
OC-PID,1.000->0.628,1,385,0,203,182,0.0,0.4727272727272727,0.4727272727272727,0.0,0.4825495506614661,0.4825495506614661,0.0,2.239510793758734,2.239510793758734,6.600121832098881,6.67514161995328,6.765183759208176,files first averaged within thickness transition,two-sided distance from the Data1 recorded operating band; not a one-sided flatness-quality or safety metric
PID,0.044->0.035,2,1092,1027,65,0,0.9314893784267102,0.0,0.9314893784267102,0.6899419160998197,0.0,0.6899419160998197,1.5159741553097144,0.0,1.5159741553097144,0.5990272866564822,0.3807994656261748,1.0039515978453086,files first averaged within thickness transition,two-sided distance from the Data1 recorded operating band; not a one-sided flatness-quality or safety metric
PID,0.050->0.040,2,1078,1058,20,0,0.9813110036233768,0.0,0.9813110036233768,0.8443938721050577,0.0,0.8443938721050577,1.5769365289663386,0.0,1.5769365289663386,0.32478429519274427,0.2833583253117171,0.47157680866550544,files first averaged within thickness transition,two-sided distance from the Data1 recorded operating band; not a one-sided flatness-quality or safety metric
PID,0.063->0.050,1,922,694,228,0,0.7527114967462039,0.0,0.7527114967462039,0.4776076993957818,0.0,0.4776076993957818,1.357226940675866,0.0,1.357226940675866,0.9141340629597082,0.5040149059974884,1.3513790713840708,files first averaged within thickness transition,two-sided distance from the Data1 recorded operating band; not a one-sided flatness-quality or safety metric
PID,0.080->0.063,1,783,730,53,0,0.9323116219667944,0.0,0.9323116219667944,0.67621427301792,0.0,0.67621427301792,1.3588366128192901,0.0,1.3588366128192901,0.46435255947163306,0.36698344662148996,0.576458621713536,files first averaged within thickness transition,two-sided distance from the Data1 recorded operating band; not a one-sided flatness-quality or safety metric
PID,0.320->0.215,1,775,768,7,0,0.9909677419354839,0.0,0.9909677419354839,0.7156951512368851,0.0,0.7156951512368851,1.3667913708815527,0.0,1.3667913708815527,0.42658547561271243,0.39355475155671743,0.5161216953696877,files first averaged within thickness transition,two-sided distance from the Data1 recorded operating band; not a one-sided flatness-quality or safety metric
PID,0.628->0.458,1,431,0,304,127,0.0,0.29466357308584684,0.29466357308584684,0.0,0.320820880162758,0.320820880162758,0.0,2.1971906004706656,2.1971906004706656,5.5151093952542105,5.5814133417176315,5.824380298876663,files first averaged within thickness transition,two-sided distance from the Data1 recorded operating band; not a one-sided flatness-quality or safety metric
PID,0.628->0.458 acceleration,1,47,0,29,18,0.0,0.3829787234042553,0.3829787234042553,0.0,0.5197219236714049,0.5197219236714049,0.0,2.574330645422527,2.574330645422527,7.746424473709674,8.000000000000002,7.8211415225717404,files first averaged within thickness transition,two-sided distance from the Data1 recorded operating band; not a one-sided flatness-quality or safety metric
PID,1.000->0.628,1,385,0,205,180,0.0,0.4675324675324675,0.4675324675324675,0.0,0.4794499938267773,0.4794499938267773,0.0,2.239510793758734,2.239510793758734,6.586380215836949,6.6380365734753815,6.753538177904632,files first averaged within thickness transition,two-sided distance from the Data1 recorded operating band; not a one-sided flatness-quality or safety metric
