coverage,metric,comparison,effect_pct_ratio_of_aggregates,favours_c7
0.9,S_out,C7-Core vs PID,-0.17646453211429544,True
0.9,S_excess_mean,C7-Core vs PID,-20.38171822425426,True
0.9,S_excess_cvar95,C7-Core vs PID,-8.060178242734924,True
0.9,S_out,C7-Core vs OC-PID,0.8126400210306304,False
0.9,S_excess_mean,C7-Core vs OC-PID,-8.600241179123776,True
0.9,S_excess_cvar95,C7-Core vs OC-PID,-5.996051834068615,True
0.9,S_out,C7-Core vs C2,-0.21988017468154453,True
0.9,S_excess_mean,C7-Core vs C2,-9.481446409866304,True
0.9,S_excess_cvar95,C7-Core vs C2,-3.0414270202526343,True
0.95,S_out,C7-Core vs PID,-0.7538043733889033,True
0.95,S_excess_mean,C7-Core vs PID,-25.24413442162351,True
0.95,S_excess_cvar95,C7-Core vs PID,-9.304762005493954,True
0.95,S_out,C7-Core vs OC-PID,0.5378972181716788,False
0.95,S_excess_mean,C7-Core vs OC-PID,-11.097749768828907,True
0.95,S_excess_cvar95,C7-Core vs OC-PID,-7.015423691627041,True
0.95,S_out,C7-Core vs C2,-0.8668584634155747,True
0.95,S_excess_mean,C7-Core vs C2,-12.098696905229342,True
0.95,S_excess_cvar95,C7-Core vs C2,-3.52257604309014,True
0.99,S_out,C7-Core vs PID,-4.439162230533621,True
0.99,S_excess_mean,C7-Core vs PID,-34.36477399012259,True
0.99,S_excess_cvar95,C7-Core vs PID,-12.310710481443932,True
0.99,S_out,C7-Core vs OC-PID,-0.4477079125216994,True
0.99,S_excess_mean,C7-Core vs OC-PID,-16.37788062994762,True
0.99,S_excess_cvar95,C7-Core vs OC-PID,-9.365958205840206,True
0.99,S_out,C7-Core vs C2,-4.1732532887226945,True
0.99,S_excess_mean,C7-Core vs C2,-17.227943514074827,True
0.99,S_excess_cvar95,C7-Core vs C2,-4.730460986880063,True
