coverage,object,policy,S_out,S_excess_mean,S_excess_cvar95
0.9,policy_replay,C2,0.7706208567359036,0.6434276596940556,1.9559470580575198
0.9,policy_replay,C7-Core,0.7689264142499803,0.5824214109539068,1.896458355731922
0.9,policy_replay,OC-PID,0.7627281798091725,0.6372242317349293,2.0174241537008446
0.9,policy_replay,PID,0.7702856952981315,0.7315171816874486,2.0627170245542312
0.9,recorded,Recorded Data2,0.4651024083813347,1.327229075191674,4.979958268214228
0.95,policy_replay,C2,0.717563146893427,0.5021756823287175,1.6670674551638702
0.95,policy_replay,C7-Core,0.7113428900242302,0.4414189685919986,1.6083437363661153
0.95,policy_replay,OC-PID,0.7075370678188989,0.49652170495593073,1.7296887292707803
0.95,policy_replay,PID,0.7167457508401424,0.5904807136895506,1.7733497060380858
0.95,recorded,Recorded Data2,0.4172320670879761,1.1213700086008889,4.647228796074851
0.99,policy_replay,C2,0.6618929535480673,0.3397819054790952,1.2319846706283886
0.99,policy_replay,C7-Core,0.6342704840962988,0.28124447073210956,1.1737061164199698
0.99,policy_replay,OC-PID,0.6371229338837869,0.3363278434591216,1.2949947869318128
0.99,policy_replay,PID,0.6637347462633496,0.4284962326324362,1.3384828670228877
0.99,recorded,Recorded Data2,0.3307588911009298,0.809905053907517,3.871011017632541
