coverage,phase,S_norm_lo,S_norm_hi,S_norm_median
0.9,accel,1.6419702611140428,8.067265642460406,4.967632265637455
0.9,decel,1.7808301615331599,6.491122154828424,2.9223629805194093
0.9,steady,1.1424938526614261,5.553856382615899,2.2263779062324294
,accel,1.4513209963738207,8.651001022945696,4.967632265637455
,decel,1.708040602676127,6.702392215681446,2.9223629805194093
,steady,1.075332749588407,6.366527516695514,2.2263779062324294
0.99,accel,1.0606948270014596,10.932883645946918,4.967632265637455
0.99,decel,1.5661279378351054,7.079765658512076,2.9223629805194093
0.99,steady,0.9475831617271112,7.265493759803237,2.2263779062324294
