pass_id,transition,policy,composite_normalized_RMS,S_out,S_excess_mean,S_excess_cvar95,TV_L_per_100m,amplitude_projection_ratio,sat_ratio_logged,integrated_severity_excess_m,episodes_per_100m,control_total_variation,control_delta_rms,delta_u_over_peak_action,preclamp_total_variation,postclamp_total_variation,mpc_raw_total_variation,mpc_component_total_variation,TV_t_per_s,startup_motion,restart_motion,startup_restart_motion
P09,0.215->0.163,C2,1.6243021526909815,1.0,0.6730241516825921,1.250016237068189,6.642727487936659,1.0,0.8557114228456913,529.8464199014164,0.127125112005958,52.25346419065757,0.025683716644187,0.1890909087471075,212.1060750523519,52.25346419065757,0.0,0.0,0.1027070149200082,0.2912,0.0,0.2912
P09,0.215->0.163,C7,1.64190611935507,1.0,0.6182758126226717,1.1929021393293917,5.736798621196104,1.0,0.7995991983967936,486.71753232994627,0.127125112005958,45.12718636524966,0.0238358789480779,0.1890909087471075,155.3716465841472,45.12718636524966,54.44599805819128,7.622439728146779,0.0886999297578123,0.2912,0.0,0.2912
P09,0.215->0.163,OC-PID,1.625129680439378,1.0,0.6864812941876431,1.237339429630725,5.7133270655760295,0.9979959919839679,0.6432865731462926,540.4122958375699,0.127125112005958,44.94255285539699,0.0257486683832751,0.22454545413719,90.2119990928368,44.94255285539699,0.0,0.0,0.0883370225908926,0.3458,0.0,0.3458
P09,0.215->0.163,PID,1.5847913800211912,1.0,0.7941503501420222,1.3757489900817583,6.645149211449095,1.0,0.9599198396793587,625.2339289605718,0.127125112005958,52.27251411300746,0.0237637394735649,0.1418181815603306,402.6729808765015,52.27251411300746,0.0,0.0,0.1027444585744973,0.2183999999999999,0.0,0.2183999999999999
P10,0.163->0.126,C2,1.3783134240996937,0.993841416474211,0.3974866771216824,0.8710255462438085,7.652583106359914,1.0,0.9022324865280985,407.08086615557795,0.19533957140544667,78.3515910401607,0.0280644246450284,0.1890909087471075,297.9652695795255,78.3515910401607,0.0,0.0,0.121750354703344,0.2912,0.0,0.2912
P10,0.163->0.126,C7,1.4109040625428717,0.993841416474211,0.2958678926891452,0.7791915614653138,7.169790386264896,1.0,0.8306389530408006,302.9222295756074,0.19533957140544667,73.4084787294151,0.0264784869815371,0.1890909087471075,229.57913033329413,73.4084787294151,77.04147231939277,10.785806124714988,0.1140692640045825,0.2912,0.0,0.2912
P10,0.163->0.126,OC-PID,1.3899222930947808,0.9930715935334872,0.3695885703179007,0.8680696935888588,6.106957642038698,0.9961508852963818,0.6551193225558122,378.4773170441893,0.19533957140544667,62.52657972063532,0.0254873020109189,0.22454545413719,127.65754864657411,62.52657972063532,0.0,0.0,0.0971599064972689,0.3458,0.0,0.3458
P10,0.163->0.126,PID,1.3477547376132513,0.9930715935334872,0.5014443102710975,1.0441392363710111,4.224844221404696,1.0,0.9584295612009238,513.6109285777886,0.19533957140544667,43.256409246804495,0.018949264730215,0.1418181815603306,493.6249482708236,43.256409246804495,0.0,0.0,0.067216033510947,0.2183999999999999,0.0,0.2183999999999999
P11,0.126->0.098,C2,1.435874990083609,1.0,0.7729582501864698,1.226426072250532,7.069048064377794,1.0,0.8609593199757134,1008.6252513953893,0.07667692569060645,92.19263814646928,0.0266723854606375,0.1890909087471075,361.2204088892464,92.19263814646928,0.0,0.0,0.1096522802981054,0.2912,0.0,0.2912
P11,0.126->0.098,C7,1.4513424460060709,1.0,0.7253616878784186,1.1758121904276684,5.936074481748238,0.9993928354584092,0.7959927140255009,946.5413493239887,0.07667692569060645,77.41669906929323,0.0240097006817068,0.1890909087471075,268.14295840611703,77.41669906929323,92.86445629094317,13.001023880732044,0.0920780417696,0.2912,0.0,0.2912
P11,0.126->0.098,OC-PID,1.416916113932614,1.0,0.8426379645587257,1.2504164700599816,5.666811857665178,0.9975713418336369,0.6350941105039466,1099.5634465647204,0.07667692569060645,73.9050477914428,0.0252729150961453,0.22454545413719,151.5367803623291,73.9050477914428,0.0,0.0,0.0879013463417471,0.3458,0.0,0.3458
P11,0.126->0.098,PID,1.4001392097301537,1.0,0.8773668888099866,1.3339045498419528,6.961823360573119,1.0,0.9720704310868246,1144.8175662044268,0.07667692569060645,90.79424217742208,0.0245894360349783,0.1418181815603306,682.094177012654,90.79424217742208,0.0,0.0,0.1079890530616519,0.2183999999999999,0.0,0.2183999999999999
equal-transition mean,P09-P11,C2,1.4794968556247614,0.997947138824737,0.6144896929969148,1.1158226185208433,7.121452886224788,1.0,0.8729677431165012,648.5175124841279,0.13304720303400372,74.26589779242919,0.026806842249950964,0.18909090874710746,290.43058450704126,74.26589779242919,0.0,0.0,0.11136988330715253,0.2912,0.0,0.2912
equal-transition mean,P09-P11,C7,1.5013842093013376,0.997947138824737,0.5465017977300785,1.0493019637407912,6.280887829736412,0.9997976118194698,0.8087436218210318,578.7270370765141,0.13304720303400372,65.31745472131932,0.024774688870440598,0.18909090874710746,217.69791177451944,65.31745472131932,74.78397555617573,10.469756577864603,0.09828241184399826,0.2912,0.0,0.2912
equal-transition mean,P09-P11,OC-PID,1.4773226958222576,0.9976905311778291,0.6329026096880899,1.1186085310931884,5.829032188426635,0.9972394063713289,0.6445000020686837,672.8176864821598,0.13304720303400372,60.4580601224917,0.025502961830113097,0.22454545413719,123.13544270058001,60.4580601224917,0.0,0.0,0.0911327584766362,0.34579999999999994,0.0,0.34579999999999994
equal-transition mean,P09-P11,PID,1.4442284424548655,0.9976905311778291,0.724320516407702,1.2512642587649074,5.943938931142303,1.0,0.9634732773223691,761.2208079142624,0.13304720303400372,62.107721845744685,0.022434146746252732,0.1418181815603306,526.1307020533263,62.107721845744685,0.0,0.0,0.0926498483823654,0.2183999999999999,0.0,0.2183999999999999
