scenario,policy,composite_normalized_RMS,TV_L_per_100m,S_excess_mean,S_excess_cvar95,output_clip_ratio
alternative_linear,C2,3.136264389463439,11.313375786741215,0.524156273938659,1.7363778594581376,0.21663588994883248
alternative_linear,C7-Core,3.1474186868579284,10.301677908301073,0.47372191179774037,1.6945094259176836,0.21663588994883248
alternative_linear,OC-PID,3.1571954247800726,8.979453688261845,0.5368119747001204,1.8287183057987402,0.21663588994883248
alternative_linear,PID,3.131874310749995,9.510047880355517,0.5999226976829878,1.8197965417625046,0.21663588994883248
alternative_weakened,C2,3.232283081570192,10.706349663594482,0.44364419656183135,1.5935818112433688,0.23167633484266462
alternative_weakened,C7-Core,3.2450367432342286,10.082222004517224,0.3867906160638792,1.5246610936802207,0.23167633484266462
alternative_weakened,OC-PID,3.241967023566373,9.055073477672055,0.41740796326098506,1.6158310239814033,0.22352416092962113
alternative_weakened,PID,3.2248401018268122,8.49265931291195,0.5165167686414521,1.7025412507366924,0.23167633484266462
diagonal_response,C2,3.0450011043432292,11.73815419153517,0.556344750259253,1.7665861636216635,0.21663588994883248
diagonal_response,C7-Core,3.0550424372691642,10.523088062349304,0.5064001263471813,1.730339881374607,0.21663588994883248
diagonal_response,OC-PID,3.0691628694846678,8.902629072968152,0.5887618807182733,1.878914928883082,0.21391849864448464
diagonal_response,PID,3.040480361332616,9.985483070228295,0.6367564245834225,1.843031495392756,0.21663588994883248
high_response_corner,C2,2.9141666795592727,12.199168758205781,0.566258151217437,1.7092918482779889,0.22315024088502944
high_response_corner,C7-Core,2.9253700393225484,11.06717903036193,0.511534876668591,1.6589088234827043,0.22315024088502944
high_response_corner,OC-PID,2.915902338655533,9.547462021548679,0.5986610066317319,1.7979174613718718,0.22072354725510024
high_response_corner,PID,2.9056730973073406,10.165586958615076,0.6633376140705318,1.8181644555878331,0.22315024088502944
low_response_corner,C2,3.3596335668039883,9.786157480582142,0.3965749622781357,1.630710874358226,0.2199346766020175
low_response_corner,C7-Core,3.3659846405932754,9.48471312678972,0.3647007389385712,1.5815679159525386,0.2199346766020175
low_response_corner,OC-PID,3.373846964001558,8.546215477535434,0.38426072349114493,1.6456294072651254,0.22022537427643613
low_response_corner,PID,3.359694884648522,8.008489033114225,0.4382945658537506,1.7152221729859338,0.2199346766020175
nominal,C2,3.127674136116037,11.37320341744138,0.5021756823287173,1.6670674551638698,0.22323346325520255
nominal,C7-Core,3.140971564680323,10.411587882744515,0.4414189685919984,1.608343736366115,0.22323346325520255
nominal,OC-PID,3.140473232562442,9.134871431931035,0.4965217049559306,1.7296887292707799,0.2205160719508547
nominal,PID,3.1181261957713686,9.44514312628283,0.5904807136895505,1.7733497060380856,0.22323346325520255
