scenario,metric,comparison,effect_pct,direction_favours_c7
alternative_linear,composite_normalized_RMS,C7-Core vs PID,0.8978967937258354,False
alternative_linear,composite_normalized_RMS,C7-Core vs OC-PID,-0.13253385058838718,True
alternative_linear,TV_L_per_100m,C7-Core vs PID,10.623732076929318,False
alternative_linear,TV_L_per_100m,C7-Core vs OC-PID,13.78682842754298,False
alternative_linear,S_excess_mean,C7-Core vs PID,-18.36650588985646,True
alternative_linear,S_excess_mean,C7-Core vs OC-PID,-10.509262612428998,True
alternative_linear,S_excess_cvar95,C7-Core vs PID,-8.485036159346913,True
alternative_linear,S_excess_cvar95,C7-Core vs OC-PID,-8.788735022504705,True
alternative_weakened,composite_normalized_RMS,C7-Core vs PID,1.1307285576702466,False
alternative_weakened,composite_normalized_RMS,C7-Core vs OC-PID,0.238479940696702,False
alternative_weakened,TV_L_per_100m,C7-Core vs PID,23.236875477401398,False
alternative_weakened,TV_L_per_100m,C7-Core vs OC-PID,10.667811801521907,False
alternative_weakened,S_excess_mean,C7-Core vs PID,-25.15541345154909,True
alternative_weakened,S_excess_mean,C7-Core vs OC-PID,-7.956619757414601,True
alternative_weakened,S_excess_cvar95,C7-Core vs PID,-13.473045808959583,True
alternative_weakened,S_excess_cvar95,C7-Core vs OC-PID,-7.450432363944927,True
diagonal_response,composite_normalized_RMS,C7-Core vs PID,0.9173946672025318,False
diagonal_response,composite_normalized_RMS,C7-Core vs OC-PID,-0.1526995477911986,True
diagonal_response,TV_L_per_100m,C7-Core vs PID,8.142839659271209,False
diagonal_response,TV_L_per_100m,C7-Core vs OC-PID,17.215825773462353,False
diagonal_response,S_excess_mean,C7-Core vs PID,-16.956113014768782,True
diagonal_response,S_excess_mean,C7-Core vs OC-PID,-12.070818462335884,True
diagonal_response,S_excess_cvar95,C7-Core vs PID,-7.432294729597383,True
diagonal_response,S_excess_cvar95,C7-Core vs OC-PID,-9.222746725308651,True
high_response_corner,composite_normalized_RMS,C7-Core vs PID,1.5978443472450876,False
high_response_corner,composite_normalized_RMS,C7-Core vs OC-PID,0.7938819807459204,False
high_response_corner,TV_L_per_100m,C7-Core vs PID,10.989078557818749,False
high_response_corner,TV_L_per_100m,C7-Core vs OC-PID,14.661320552024932,False
high_response_corner,S_excess_mean,C7-Core vs PID,-19.467169237184006,True
high_response_corner,S_excess_mean,C7-Core vs OC-PID,-11.629806319262741,True
high_response_corner,S_excess_cvar95,C7-Core vs PID,-10.60614014112946,True
high_response_corner,S_excess_cvar95,C7-Core vs OC-PID,-8.990108726373586,True
low_response_corner,composite_normalized_RMS,C7-Core vs PID,0.4057414626414512,False
low_response_corner,composite_normalized_RMS,C7-Core vs OC-PID,-0.15887260967411335,True
low_response_corner,TV_L_per_100m,C7-Core vs PID,20.565231560329327,False
low_response_corner,TV_L_per_100m,C7-Core vs OC-PID,10.47524314245389,False
low_response_corner,S_excess_mean,C7-Core vs PID,-18.8250968865746,True
low_response_corner,S_excess_mean,C7-Core vs OC-PID,-3.7844189926033756,True
low_response_corner,S_excess_cvar95,C7-Core vs PID,-10.369721999924867,True
low_response_corner,S_excess_cvar95,C7-Core vs OC-PID,-5.247139835582248,True
nominal,composite_normalized_RMS,C7-Core vs PID,1.3642240668980934,False
nominal,composite_normalized_RMS,C7-Core vs OC-PID,0.25222189619587154,False
nominal,TV_L_per_100m,C7-Core vs PID,12.81094081588164,False
nominal,TV_L_per_100m,C7-Core vs OC-PID,13.038153631694557,False
nominal,S_excess_mean,C7-Core vs PID,-22.58058435708301,True
nominal,S_excess_mean,C7-Core vs OC-PID,-10.273991448805727,True
nominal,S_excess_cvar95,C7-Core vs PID,-11.618393900457574,True
nominal,S_excess_cvar95,C7-Core vs OC-PID,-8.640424808965705,True
