scenario,baseline,metric,direction,point_effect_pct,ci95_low,ci95_high,n_conditions,invalid_c7,invalid_baseline
bound_0.55,PID,RMS_c,penalty,-0.11096786316829185,-0.22709248765643822,0.023384406147212083,8,0,0
bound_0.55,PID,TV,reduction,-33.84798406550057,-41.192794471775315,-26.850183607536174,8,0,0
bound_0.55,PID,S_excess_mean,reduction,4.866945813734969,0.5339565328256672,10.132664643227528,8,0,0
bound_0.55,PID,S_excess_p95,reduction,4.173126421228197,0.6280857532539533,8.639008388512469,8,0,0
bound_0.55,ADRC,RMS_c,penalty,-0.36491665582339455,-0.6302872877156819,-0.12165742441870009,8,0,0
bound_0.55,ADRC,TV,reduction,-4.361042424444464,-11.701074060520789,3.1226803498118794,8,0,0
bound_0.55,ADRC,S_excess_mean,reduction,3.89380118411642,-1.3939476720076822,9.530075132639954,8,0,0
bound_0.55,ADRC,S_excess_p95,reduction,4.804447965208598,-0.6118353490513192,11.312183837811194,8,0,0
bound_0.60,PID,RMS_c,penalty,-0.09836662679024974,-0.26161051825790765,0.1153515042629702,8,0,0
bound_0.60,PID,TV,reduction,-34.516515316227476,-45.114459483471876,-26.125871666106235,8,0,0
bound_0.60,PID,S_excess_mean,reduction,6.942948521105937,1.1983756292087684,13.148757475783642,8,0,0
bound_0.60,PID,S_excess_p95,reduction,5.511210983085099,1.4133196492757563,10.27580397407017,8,0,0
bound_0.60,ADRC,RMS_c,penalty,-0.3081452980937475,-0.5867013474430364,0.005990482583647072,8,0,0
bound_0.60,ADRC,TV,reduction,-6.605235992171631,-13.379099292242225,1.2660037992906428,8,0,0
bound_0.60,ADRC,S_excess_mean,reduction,5.867737462222245,-0.8786076903133437,12.500601136051989,8,0,0
bound_0.60,ADRC,S_excess_p95,reduction,6.485391580717869,0.5775731567234577,13.049917371125954,8,0,0
bound_0.70,PID,RMS_c,penalty,0.049558054965210034,-0.2173416967540356,0.5026426523115743,8,0,0
bound_0.70,PID,TV,reduction,-34.96454019757145,-46.32508122761927,-25.616970503979264,8,0,0
bound_0.70,PID,S_excess_mean,reduction,12.6833351762987,4.646191339475079,20.073987213991046,8,0,0
bound_0.70,PID,S_excess_p95,reduction,7.831434608991202,2.8732682686320103,13.752892717204793,8,0,0
bound_0.70,ADRC,RMS_c,penalty,-0.12514650288499107,-0.45413963505300564,0.36054472337342447,8,0,0
bound_0.70,ADRC,TV,reduction,-10.058130133171284,-14.248447629280331,-5.34931492925356,8,0,0
bound_0.70,ADRC,S_excess_mean,reduction,9.76113615346411,2.319510075119701,16.76192626978982,8,0,0
bound_0.70,ADRC,S_excess_p95,reduction,8.30473672170499,2.1270830484721017,15.018500972958636,8,0,0
bound_0.80,PID,RMS_c,penalty,0.2824405397503339,-0.11759819578207951,0.9786402737567179,8,0,0
bound_0.80,PID,TV,reduction,-25.506336515781225,-37.64250610756387,-15.641972689117816,8,0,0
bound_0.80,PID,S_excess_mean,reduction,17.876058917953376,8.024105100937925,26.078573067215416,8,0,0
bound_0.80,PID,S_excess_p95,reduction,9.936810307355955,3.978543844089442,17.70803906754274,8,0,0
bound_0.80,ADRC,RMS_c,penalty,-0.0016527643637818945,-0.3641218766937255,0.5552755547619538,8,0,0
bound_0.80,ADRC,TV,reduction,-11.403451322769403,-16.58382217149421,-6.256023160234564,8,0,0
bound_0.80,ADRC,S_excess_mean,reduction,11.174305049405756,3.601498813070836,18.253660196294557,8,0,0
bound_0.80,ADRC,S_excess_p95,reduction,8.388871861723045,2.530349455584463,14.93672423060478,8,0,0
joint_g0.90_n0.03,PID,RMS_c,penalty,0.5984797749873619,-0.021717326817308966,1.6849978059682984,8,0,0
joint_g0.90_n0.03,PID,TV,reduction,-13.940699862498475,-24.26203954631505,-5.466942307655741,8,0,0
joint_g0.90_n0.03,PID,S_excess_mean,reduction,23.657525118662406,10.421475587352726,35.941685486129245,8,0,0
joint_g0.90_n0.03,PID,S_excess_p95,reduction,12.300806073271994,4.84862565065508,21.966578773932852,8,0,0
joint_g0.90_n0.03,ADRC,RMS_c,penalty,-0.047660092712249164,-0.3644711020609568,0.46664764906384704,8,0,0
joint_g0.90_n0.03,ADRC,TV,reduction,-14.62804639717076,-19.49686957253479,-10.010166590418658,8,0,0
joint_g0.90_n0.03,ADRC,S_excess_mean,reduction,9.542742128592074,2.896878915886765,16.688625586111357,8,0,0
joint_g0.90_n0.03,ADRC,S_excess_p95,reduction,7.852509810202904,1.8687655389309719,14.608933276639455,8,0,0
joint_g0.90_n0.05,PID,RMS_c,penalty,0.5943021006130307,-0.008495691855388872,1.6572837954097248,8,0,0
joint_g0.90_n0.05,PID,TV,reduction,-16.5723643092957,-25.730927903292102,-9.070778131237645,8,0,0
joint_g0.90_n0.05,PID,S_excess_mean,reduction,23.61599818201337,10.093425842055684,35.56170293065068,8,0,0
joint_g0.90_n0.05,PID,S_excess_p95,reduction,12.476737261579748,4.940898832845665,22.185887537529844,8,0,0
joint_g0.90_n0.05,ADRC,RMS_c,penalty,-0.04812330105928199,-0.3696430578973776,0.4866995437879947,8,0,0
joint_g0.90_n0.05,ADRC,TV,reduction,-15.327013427686966,-20.458038059976854,-10.13934221294259,8,0,0
joint_g0.90_n0.05,ADRC,S_excess_mean,reduction,9.58152873018543,3.032545248650863,16.586092590735458,8,0,0
joint_g0.90_n0.05,ADRC,S_excess_p95,reduction,7.969046186617071,2.0211619609163,14.858908515247935,8,0,0
joint_g1.10_n0.03,PID,RMS_c,penalty,0.39685535927736426,-0.010557580170865555,1.0763549747126073,8,0,0
joint_g1.10_n0.03,PID,TV,reduction,-21.977694177538428,-32.060817276217534,-14.482337076737949,8,0,0
joint_g1.10_n0.03,PID,S_excess_mean,reduction,19.23444990266304,6.517537500861056,35.10359712579747,8,0,0
joint_g1.10_n0.03,PID,S_excess_p95,reduction,12.821713646963094,4.980111249470984,22.903042060575064,8,0,0
joint_g1.10_n0.03,ADRC,RMS_c,penalty,-0.24678770563115912,-0.4834820239382573,0.12971946714494256,8,0,0
joint_g1.10_n0.03,ADRC,TV,reduction,-11.844412664253097,-16.625685486815918,-7.667911636400342,8,0,0
joint_g1.10_n0.03,ADRC,S_excess_mean,reduction,6.547695271339832,1.8133649063673445,14.057870471094928,8,0,0
joint_g1.10_n0.03,ADRC,S_excess_p95,reduction,6.9388595564852,1.3564421943653946,13.341827964707194,8,0,0
joint_g1.10_n0.05,PID,RMS_c,penalty,0.3911319087817109,-0.025329164198139777,1.0819729751869402,8,0,0
joint_g1.10_n0.05,PID,TV,reduction,-23.796659979719013,-33.135355200366575,-16.256640647986377,8,0,0
joint_g1.10_n0.05,PID,S_excess_mean,reduction,19.164893714790647,6.667009600257086,34.99620436899179,8,0,0
joint_g1.10_n0.05,PID,S_excess_p95,reduction,12.10648343523328,4.661960624198918,21.865440570251845,8,0,0
joint_g1.10_n0.05,ADRC,RMS_c,penalty,-0.24828942021748893,-0.48814802584272793,0.12291631906305753,8,0,0
joint_g1.10_n0.05,ADRC,TV,reduction,-12.3701166784776,-17.21417739925701,-7.737078526521192,8,0,0
joint_g1.10_n0.05,ADRC,S_excess_mean,reduction,6.580318942719385,1.7727624667703359,14.040460023154573,8,0,0
joint_g1.10_n0.05,ADRC,S_excess_p95,reduction,7.021874347927202,1.509239351560198,13.639865149606894,8,0,0
joint_g1.20_n0.03,PID,RMS_c,penalty,0.2837804894890324,-0.05919993029707289,0.8236784777617886,8,0,0
joint_g1.20_n0.03,PID,TV,reduction,-27.11314266610357,-36.68893167454013,-19.808619013296276,8,0,0
joint_g1.20_n0.03,PID,S_excess_mean,reduction,17.4169756937666,5.767304568197773,34.75776582011641,8,0,0
joint_g1.20_n0.03,PID,S_excess_p95,reduction,12.58344017642242,4.627854959843218,22.965632110791553,8,0,0
joint_g1.20_n0.03,ADRC,RMS_c,penalty,-0.4274118403584604,-0.6396574904938304,-0.15084027993925098,8,0,0
joint_g1.20_n0.03,ADRC,TV,reduction,-10.078705904001895,-15.020609353483945,-5.917489451524447,8,0,0
joint_g1.20_n0.03,ADRC,S_excess_mean,reduction,5.5273793979457855,1.4237307383961935,12.98782389332034,8,0,0
joint_g1.20_n0.03,ADRC,S_excess_p95,reduction,6.79498591066589,1.3496079509332415,13.538170117499398,8,0,0
joint_g1.20_n0.05,PID,RMS_c,penalty,0.29518804112521,-0.03773811640707669,0.8528931087386241,8,0,0
joint_g1.20_n0.05,PID,TV,reduction,-28.610303689464182,-37.57649417031389,-21.47327512321143,8,0,0
joint_g1.20_n0.05,PID,S_excess_mean,reduction,17.35544416689202,5.767555974711561,34.11333611287343,8,0,0
joint_g1.20_n0.05,PID,S_excess_p95,reduction,12.89441371351979,4.886023932599229,23.04446839949514,8,0,0
joint_g1.20_n0.05,ADRC,RMS_c,penalty,-0.4277191332897721,-0.6460415226516271,-0.1383707050145461,8,0,0
joint_g1.20_n0.05,ADRC,TV,reduction,-10.52176129466175,-15.512846842078918,-5.953674536792488,8,0,0
joint_g1.20_n0.05,ADRC,S_excess_mean,reduction,5.5564640774163365,1.4027140917056586,12.87693456054919,8,0,0
joint_g1.20_n0.05,ADRC,S_excess_p95,reduction,6.817303059013345,1.2841712822518,13.507696340573748,8,0,0
joint_g1.35_n0.05,PID,RMS_c,penalty,0.14494994589750212,-0.12743904393655228,0.5633852838441719,8,0,0
joint_g1.35_n0.05,PID,TV,reduction,-30.97466632002339,-37.194563168932355,-24.88310545897633,8,0,0
joint_g1.35_n0.05,PID,S_excess_mean,reduction,14.068742828462558,3.755141093284799,31.970761813036315,8,0,0
joint_g1.35_n0.05,PID,S_excess_p95,reduction,9.284294381092202,2.715116655866572,17.1726884324813,8,0,0
joint_g1.35_n0.05,ADRC,RMS_c,penalty,-0.5400074088801154,-0.7581728295591077,-0.2850570479205845,8,0,0
joint_g1.35_n0.05,ADRC,TV,reduction,-8.34215209549774,-13.198060986044394,-4.149365132042639,8,0,0
joint_g1.35_n0.05,ADRC,S_excess_mean,reduction,4.407692793893954,1.0484666667198899,11.862987762685423,8,0,0
joint_g1.35_n0.05,ADRC,S_excess_p95,reduction,5.253752400165307,-0.8607972417455727,11.898858230411136,8,0,0
joint_g1.35_n0.08,PID,RMS_c,penalty,0.15582569382025332,-0.12021167393604344,0.5790891989824843,8,0,0
joint_g1.35_n0.08,PID,TV,reduction,-32.96645285179195,-39.47596891440798,-26.68018018391334,8,0,0
joint_g1.35_n0.08,PID,S_excess_mean,reduction,14.078358347008184,3.6200408343524044,31.317049176832374,8,0,0
joint_g1.35_n0.08,PID,S_excess_p95,reduction,9.01806490272027,2.680322042583807,16.57835742071648,8,0,0
joint_g1.35_n0.08,ADRC,RMS_c,penalty,-0.5355463286956534,-0.7547924272879415,-0.2761199178925992,8,0,0
joint_g1.35_n0.08,ADRC,TV,reduction,-8.518758542819846,-13.3457776094274,-4.091387702956215,8,0,0
joint_g1.35_n0.08,ADRC,S_excess_mean,reduction,4.486221701440774,1.1277306279141908,11.785298332998536,8,0,0
joint_g1.35_n0.08,ADRC,S_excess_p95,reduction,5.266564512985804,-0.7667593610829937,12.171422266503699,8,0,0
noise_0.01,PID,RMS_c,penalty,0.7460655621041827,0.06947360385359831,1.8549654387676393,8,0,0
noise_0.01,PID,TV,reduction,-9.220743224632532,-21.06529250897868,0.8871424023283513,8,0,0
noise_0.01,PID,S_excess_mean,reduction,25.239643345285074,12.221268764210325,35.45284342071639,8,0,0
noise_0.01,PID,S_excess_p95,reduction,12.190723189284208,4.672338327770071,21.630817003748408,8,0,0
noise_0.01,ADRC,RMS_c,penalty,0.01744188924450193,-0.37534024048311543,0.6586486245255373,8,0,0
noise_0.01,ADRC,TV,reduction,-14.374440809401081,-18.994996331362138,-9.469778163475077,8,0,0
noise_0.01,ADRC,S_excess_mean,reduction,11.108758625594163,3.503181076099802,17.82189442456192,8,0,0
noise_0.01,ADRC,S_excess_p95,reduction,8.572176396698483,2.17732000995108,15.53694171613435,8,0,0
noise_0.03,PID,RMS_c,penalty,0.7151063510498935,0.026662120604131177,1.9571685616802066,8,0,0
noise_0.03,PID,TV,reduction,-10.818832886806987,-21.534036665109763,-1.7912223784851322,8,0,0
noise_0.03,PID,S_excess_mean,reduction,25.165975829961084,12.350300170216657,35.094561199641845,8,0,0
noise_0.03,PID,S_excess_p95,reduction,11.832642977144173,4.542292787779073,21.060969746790565,8,0,0
noise_0.03,ADRC,RMS_c,penalty,0.020142355751667305,-0.3676846794179487,0.6745079890705279,8,0,0
noise_0.03,ADRC,TV,reduction,-15.651349252314462,-20.34775361282027,-10.754488748586216,8,0,0
noise_0.03,ADRC,S_excess_mean,reduction,11.128436598165386,3.5428062739350854,17.78355027863489,8,0,0
noise_0.03,ADRC,S_excess_p95,reduction,8.46636283621088,2.0465649934551564,15.243700294903213,8,0,0
noise_0.05,PID,RMS_c,penalty,0.6850225426942834,-0.018676710313204052,1.939738874919027,8,0,0
noise_0.05,PID,TV,reduction,-13.31333917212467,-23.209706107078446,-5.381997766740378,8,0,0
noise_0.05,PID,S_excess_mean,reduction,25.16682808755343,12.27831489911796,35.342446166277874,8,0,0
noise_0.05,PID,S_excess_p95,reduction,11.93951003524269,4.611132329515306,21.22819067206661,8,0,0
noise_0.05,ADRC,RMS_c,penalty,0.0208013521462743,-0.3613498337962938,0.6913303455167847,8,0,0
noise_0.05,ADRC,TV,reduction,-16.550143414995595,-22.011480974870516,-10.964460351619831,8,0,0
noise_0.05,ADRC,S_excess_mean,reduction,11.166555570854086,3.6439982346242874,18.021850476460276,8,0,0
noise_0.05,ADRC,S_excess_p95,reduction,8.449970358368445,2.098635363111844,15.396521619172047,8,0,0
noise_0.08,PID,RMS_c,penalty,0.6433069467115362,-0.07502544723645978,1.8320147851765223,8,0,0
noise_0.08,PID,TV,reduction,-16.583490362387842,-24.487008576323667,-9.627751443403131,8,0,0
noise_0.08,PID,S_excess_mean,reduction,25.033292512980037,11.957101166620562,35.22396017283337,8,0,0
noise_0.08,PID,S_excess_p95,reduction,12.003235818857712,4.6172777278533585,21.1929624458747,8,0,0
noise_0.08,ADRC,RMS_c,penalty,0.02226672303968546,-0.3800362240835163,0.6874595911792167,8,0,0
noise_0.08,ADRC,TV,reduction,-16.10942562510994,-21.917460495392227,-9.86977268019867,8,0,0
noise_0.08,ADRC,S_excess_mean,reduction,11.218085335194537,3.6947597591616748,17.87411222588917,8,0,0
noise_0.08,ADRC,S_excess_p95,reduction,8.42823836411269,2.1437252079925413,15.426184898660182,8,0,0
residual_0.90,PID,RMS_c,penalty,0.5981075540468223,-0.024995946098750183,1.6710480139315935,8,0,0
residual_0.90,PID,TV,reduction,-12.507396964178781,-23.697995020060628,-3.15307754060778,8,0,0
residual_0.90,PID,S_excess_mean,reduction,23.656446381426743,9.998708101976694,35.476643810797846,8,0,0
residual_0.90,PID,S_excess_p95,reduction,12.461851715375097,4.792704507897348,22.534463268114205,8,0,0
residual_0.90,ADRC,RMS_c,penalty,-0.04829785173364603,-0.36432347352396927,0.46665146918826966,8,0,0
residual_0.90,ADRC,TV,reduction,-13.294524882046582,-18.388478184961272,-8.608564928130528,8,0,0
residual_0.90,ADRC,S_excess_mean,reduction,9.50447797592471,3.022871397426237,16.47850807276504,8,0,0
residual_0.90,ADRC,S_excess_p95,reduction,8.089906080281809,2.1843660518668155,14.802575368132146,8,0,0
residual_1.10,PID,RMS_c,penalty,0.39950577771719564,-0.011215316335710416,1.074307050880246,8,0,0
residual_1.10,PID,TV,reduction,-20.646110288841832,-31.599935343641317,-12.601176657935227,8,0,0
residual_1.10,PID,S_excess_mean,reduction,19.23135367696622,6.837037213635932,35.11424576544349,8,0,0
residual_1.10,PID,S_excess_p95,reduction,12.243254300162066,4.532001755518665,22.422631952525244,8,0,0
residual_1.10,ADRC,RMS_c,penalty,-0.24730077582705273,-0.4774240092375401,0.1109175552714958,8,0,0
residual_1.10,ADRC,TV,reduction,-10.875889485128125,-15.835091730376549,-7.021104891689456,8,0,0
residual_1.10,ADRC,S_excess_mean,reduction,6.517907946585562,1.7437955462002614,13.9429384188807,8,0,0
residual_1.10,ADRC,S_excess_p95,reduction,6.949662906592316,1.6104648267070147,13.297408233902011,8,0,0
residual_1.20,PID,RMS_c,penalty,0.27044863914468237,-0.06874394424860682,0.8341406343604751,8,0,0
residual_1.20,PID,TV,reduction,-25.986989068563773,-36.182375912603504,-18.549583358063845,8,0,0
residual_1.20,PID,S_excess_mean,reduction,17.451273693176653,5.67202233256795,34.31533390309235,8,0,0
residual_1.20,PID,S_excess_p95,reduction,12.941419332200281,4.797388453794402,23.549613647413636,8,0,0
residual_1.20,ADRC,RMS_c,penalty,-0.43054459258588024,-0.6451444627797525,-0.1549688605865558,8,0,0
residual_1.20,ADRC,TV,reduction,-9.249708306687765,-14.09768714827795,-5.4884135440284885,8,0,0
residual_1.20,ADRC,S_excess_mean,reduction,5.518821026438533,1.4139826339297383,12.981323373322866,8,0,0
residual_1.20,ADRC,S_excess_p95,reduction,6.7024644832455085,0.9008643588086729,13.438222298313374,8,0,0
residual_1.35,PID,RMS_c,penalty,0.14032303034210333,-0.14761711137037992,0.5866905672696934,8,0,0
residual_1.35,PID,TV,reduction,-28.590195805839457,-34.63647967572082,-23.264613237267927,8,0,0
residual_1.35,PID,S_excess_mean,reduction,14.232696236811055,3.8995948452909035,32.599351411620475,8,0,0
residual_1.35,PID,S_excess_p95,reduction,9.97504114698546,2.8011110974031985,19.168061281015937,8,0,0
residual_1.35,ADRC,RMS_c,penalty,-0.5463657970370521,-0.767221116015458,-0.2930364287345878,8,0,0
residual_1.35,ADRC,TV,reduction,-7.233095030186088,-11.88010005581699,-3.6982747288647277,8,0,0
residual_1.35,ADRC,S_excess_mean,reduction,4.372165222457733,1.0285199140036556,12.002296251805198,8,0,0
residual_1.35,ADRC,S_excess_p95,reduction,4.907001783131192,-1.441720867681206,11.393607379008833,8,0,0
