Policy,Rate multiplier,Effective gamma,TV/100 m,Mean two-sided band distance,Amplitude active,Slew active
PID,0.75,0.4499999999999999,7.40412779525727,0.5880813945635401,1.0,0.9773179199029989
PID,1.0,0.6,9.44514312628283,0.5904807136895505,1.0,0.9663348317857761
PID,1.25,0.75,11.396522633716259,0.591148988409448,1.0,0.9497858747210713
PID,1.5,0.8999999999999999,13.396615374665336,0.5917926273810746,1.0,0.9355369766183171
OC-PID,0.75,0.7124999999999999,7.639067384824316,0.4960771913631644,0.9884595687115172,0.6437063756449515
OC-PID,1.0,0.95,9.134871431931035,0.4965217049559306,0.9884595687115172,0.5586024441573668
OC-PID,1.25,1.1875,10.306132515310102,0.49675056288641606,0.9884595687115172,0.4769894930815485
OC-PID,1.5,1.4249999999999998,11.185599225798036,0.49691910258995775,0.9884595687115172,0.38726670961577764
C2,0.75,0.6000000000000001,9.065863773739585,0.5010536997767705,1.0,0.9142732631129868
C2,1.0,0.8,11.37320341744138,0.5021756823287173,1.0,0.874435248678331
C2,1.25,1.0,13.406370128408275,0.5019227332209948,1.0,0.834440642489742
C2,1.5,1.2000000000000002,15.479288865921312,0.5015734936150104,1.0,0.798962646832684
C7-Core,0.75,0.6000000000000001,8.498743267359034,0.44075696854909946,1.0,0.8707807571294937
C7-Core,1.0,0.8,10.411587882744515,0.4414189685919984,1.0,0.8187780961084989
C7-Core,1.25,1.0,12.04181380360577,0.44144342714499,1.0,0.7571194143576179
C7-Core,1.5,1.2000000000000002,13.640110296200524,0.44142697261769553,1.0,0.709828845117622
