Policy,Bound,Speed active,Gap active,Shape active,Mean raw-applied L2
C2,0.45,1.0,0.049825648014083554,0.6159742450306718,1.4004951591385872
C2,0.55,1.0,0.03590631036669163,0.4579912527146868,1.2422433214543478
C2,0.75,0.995,0.016739798901370194,0.38817859240346375,0.9421089797233607
C2,0.65,0.9998387096774194,0.02521202687705351,0.40224370924435565,1.0893509852174974
C7-Core,0.65,0.9925806451612903,0.010763064687674968,0.38576429274133195,0.3996533639175604
C7-Core,0.75,0.8769404276356445,0.0073915115566018435,0.3645324753775161,0.31294110480281867
C7-Core,0.55,1.0,0.013665740943480062,0.41775298894853224,0.5022347442282142
C7-Core,0.45,1.0,0.03329334254546322,0.5419746212580229,0.6124510268262968
OC-PID,0.75,0.028040533930004906,0.0,0.0746337645668741,0.060220574116270076
OC-PID,0.65,0.20580486779340834,0.014921248963802137,0.37613727575054595,0.081193263199385
OC-PID,0.45,0.9890559722116988,0.04713263738781325,0.537261603925799,0.25827985257171826
OC-PID,0.55,0.9860512666014797,0.025285215980717198,0.41680309902392604,0.14885768810844044
PID,0.55,1.0,0.0,0.6097088778552507,0.3656519410290988
PID,0.45,1.0,0.5965202564745029,0.7933318292171696,0.3988782930986583
PID,0.65,0.0,0.0,0.0,0.36495517265540656
PID,0.75,0.0,0.0,0.0,0.36495517265540656
