Policy,Guardrail scale,RMS_c,Mean two-sided band distance,Upper-tail band distance,Activation
C2,6.0,2.8735557379542325,0.35925469345113775,1.1700840288581498,0.2980820303359657
C2,8.0,3.127674136116037,0.5021756823287173,1.6670674551638698,0.22323346325520255
C2,inf,4.322509965254616,2.283626691335548,12.57320006649648,0.0
C2,12.0,3.442348832024166,0.9044121528146781,2.7979252012556968,0.07179804674334342
C7-Core,12.0,3.4556118930834745,0.8435366374301877,2.73841317503269,0.07179804674334342
C7-Core,inf,4.335816477642397,2.2228349781731627,12.516502117931633,0.0
C7-Core,8.0,3.140971564680323,0.4414189685919984,1.608343736366115,0.22323346325520255
C7-Core,6.0,2.887044116814006,0.2985694385550427,1.1113319346882442,0.29837272801038434
OC-PID,inf,4.3449926089404745,2.283831878024519,12.689794290979036,0.0
OC-PID,12.0,3.4550067041999792,0.8970555503618122,2.861594996473952,0.07179804674334342
OC-PID,6.0,2.8892006669760484,0.3559390846784366,1.2326776676003801,0.28744442848025886
OC-PID,8.0,3.140473232562442,0.4965217049559306,1.7296887292707799,0.2205160719508547
PID,8.0,3.1181261957713686,0.5904807136895505,1.7733497060380856,0.22323346325520255
PID,6.0,2.8615859152884138,0.4481043687921684,1.2742357907386945,0.29837576631867446
PID,12.0,3.433215240778898,0.9936043438054505,2.902132123510479,0.07179804674334342
PID,inf,4.314113954297674,2.374064335274093,12.68218810201244,0.0
