Policy,Bound,RMS_c,TV/100 m,Mean two-sided band distance,Upper-tail band distance
C2,0.45,3.2269484260101056,10.511435121582604,0.4814356759062414,1.6644140709863966
C2,0.55,3.127674136116037,11.37320341744138,0.5021756823287173,1.6670674551638698
C2,0.75,2.9673515016364442,11.824405518167037,0.48763923381821184,1.6618329493889146
C2,0.65,3.0446194670166116,11.655016528859385,0.4958903157873294,1.6639880462721754
C7-Core,0.65,3.0605229761230537,10.592148130792499,0.4334083314604372,1.6051265354782376
C7-Core,0.75,2.990807702540778,10.958588887209444,0.42506026514502576,1.6026828325973734
C7-Core,0.55,3.140971564680323,10.411587882744515,0.4414189685919984,1.608343736366115
C7-Core,0.45,3.2350544348753236,9.854141352689775,0.4363972298006659,1.608334034439828
OC-PID,0.75,3.066109872415604,9.810643733385495,0.48397983241732256,1.7279477321543082
OC-PID,0.65,3.0793473621393064,9.545523117740691,0.4890718973776752,1.7279479032087186
OC-PID,0.45,3.237590682954028,8.594726568127058,0.4916599083025729,1.7309800822459274
OC-PID,0.55,3.140473232562442,9.134871431931035,0.4965217049559306,1.7296887292707799
PID,0.55,3.1181261957713686,9.44514312628283,0.5904807136895505,1.7733497060380856
PID,0.45,3.2228833446329017,8.24404548914951,0.5378101673809991,1.7526539154274947
PID,0.65,3.1082233240190504,9.52272579407977,0.5936592619671981,1.7785341109060286
PID,0.75,3.1082233240190504,9.52272579407977,0.5936592619671981,1.7785341109060286
