pass_id,batch,role,segments,rows,raw_positive_timestamp_count,raw_timestamp_consistent_count,effective_raw_timestamp_count,effective_distance_over_speed_count,segment_start_local_median_count,segment_start_global_median_count,segment_local_median_fallback_count,effective_source_count_sum_equals_rows,segment_start_count,distance_step_ratio_low,distance_step_ratio_high,timestamp_distance_ratio_low,timestamp_distance_ratio_high,max_positive_raw_timestamp_gap_s,max_accepted_raw_timestamp_dt_s,median_dt_control_s,max_dt_control_s,observed_distance_sum_m,gap_distance_sum_m,file_length_span_m,distance_ratio,control_dt_locality_check,segment_start_distance_zero
P04,I,data1_source,1,1865,1864,1864,1864,0,1,0,0,True,1,0.4,3.0,0.5,2.0,4.562469959259033,4.562469959259033,0.3593711853027344,4.562469959259033,1473.0858788490295,0.0,1473.0858788490295,1.0,True,True
P03,I,data1_source,1,1459,1458,1458,1458,0,1,0,0,True,1,0.4,3.0,0.5,2.0,4.484346389770508,4.484346389770508,0.3281230926513672,4.484346389770508,1151.552682876587,0.0,1151.552682876587,1.0,True,True
P02,I,data1_source,1,1125,1124,1123,1123,1,1,0,0,True,1,0.4,3.0,0.5,2.0,4.484346389770508,4.484346389770508,0.3593730926513672,4.695397568204921,887.5823750495911,0.0,887.5823750495911,1.0,True,True
P01,I,data1_source,1,867,866,866,866,0,1,0,0,True,1,0.4,3.0,0.5,2.0,1.468740463256836,1.468740463256836,0.421872615814209,1.468740463256836,683.7292594909668,0.0,683.7292594909668,1.0,True,True
P06,II,canonical_data2,1,47,46,46,46,0,1,0,0,True,1,0.4,3.0,0.5,2.0,1.546865463256836,1.546865463256836,1.499990463256836,1.546865463256836,36.29600429534912,0.0,36.29600429534912,1.0,True,True
P07,II,canonical_data2,1,431,430,430,430,0,1,0,0,True,1,0.4,3.0,0.5,2.0,1.5468659400939941,1.5468659400939941,0.7499957084655762,1.5468659400939941,339.2374520301819,0.0,339.2374520301819,1.0,True,True
P05,II,canonical_data2,1,385,384,384,384,0,1,0,0,True,1,0.4,3.0,0.5,2.0,1.562490463256836,1.562490463256836,0.9218688011169434,1.562490463256836,302.9405131340027,0.0,302.9405131340027,1.0,True,True
P11,III,repeat_extension,1,1647,1646,1645,1645,1,1,0,0,True,1,0.4,3.0,0.5,2.0,4.56247091293335,4.484346389770508,0.46875,9.804369376909673,1304.1733102798462,0.0,1304.1733102798462,1.0,True,True
P10,III,repeat_extension,1,1299,1298,1298,1298,0,1,0,0,True,1,0.4,3.0,0.5,2.0,4.5,4.5,0.4531221389770508,4.5,1023.8580875396729,0.0,1023.8580875396729,1.0,True,True
P09,III,repeat_extension,1,998,997,997,997,0,1,0,0,True,1,0.4,3.0,0.5,2.0,3.937474250793457,3.937474250793457,0.453122615814209,3.937474250793457,786.6266422271729,0.0,786.6266422271729,1.0,True,True
P08,III,canonical_data2,1,775,774,774,774,0,1,0,0,True,1,0.4,3.0,0.5,2.0,4.515625,4.515625,0.453125,4.515625,612.8273072242737,0.0,612.8273072242737,1.0,True,True
P14,IV,data1_source,7,2155,2154,2148,2148,0,7,0,0,True,7,0.4,3.0,0.5,2.0,2164.6580204963684,2.93748140335083,0.9687438011169434,2.93748140335083,1699.4847254753113,2186.6521170841547,1730.473560810089,0.9820922803811744,True,True
P13,IV,data1_source,2,1766,1765,1764,1764,0,2,0,0,True,2,0.4,3.0,0.5,2.0,102.06184673309326,1.4843659400939941,0.4374966621398926,1.4843659400939941,1395.6097025871277,57.32336857350526,1400.2772970199585,0.9966666642080363,True,True
P12,IV,data1_source,2,1387,1386,1383,1383,2,2,0,0,True,2,0.4,3.0,0.5,2.0,101.98372220993042,1.8437504768371582,0.390622615814209,1.8437504768371582,1093.9367985725403,54.67559799821814,1097.859878063202,0.9964266118390422,True,True
P15,V,canonical_data2,3,337,336,334,334,0,3,0,0,True,3,0.4,3.0,0.5,2.0,349.2165150642395,2.421858787536621,1.2187423706054688,2.421858787536621,264.19199562072754,340.72645427860994,273.42672538757324,0.966225943152573,True,True
P16,V,canonical_data2,4,755,754,749,749,2,4,0,0,True,4,0.4,3.0,0.5,2.0,298.63964653015137,2.015625,1.0156183242797852,6.745224105742526,593.956609249115,417.50013257131127,607.214852809906,0.9781654821198162,True,True
P19,VI,canonical_data2,2,493,492,491,491,0,2,0,0,True,2,0.4,3.0,0.5,2.0,130.39055156707764,1.921863079071045,0.9062438011169434,1.921863079071045,389.52789974212646,71.07070238151772,394.23753547668457,0.9880538119515597,True,True
P20,VI,canonical_data2,2,585,584,583,583,0,2,0,0,True,2,0.4,3.0,0.5,2.0,140.38972759246826,1.84375,0.921875,1.84375,462.323520898819,75.29689402274903,467.0296423435212,0.9899232917613384,True,True
P18,VI,canonical_data2,2,922,921,920,920,0,2,0,0,True,2,0.4,3.0,0.5,2.0,99.5149884223938,1.4843659400939941,0.546875,1.4843659400939941,726.6554684638977,65.81059086331689,731.3868989944458,0.9935308787496014,True,True
P17,VI,canonical_data2,1,783,782,782,782,0,1,0,0,True,1,0.4,3.0,0.5,2.0,1.4843664169311523,1.4843664169311523,0.5468711853027344,1.4843664169311523,616.7803897857666,0.0,616.7803897857666,1.0,True,True
P26,VII,data1_source,1,1070,1069,1069,1069,0,1,0,0,True,1,0.4,3.0,0.5,2.0,4.62497091293335,4.62497091293335,0.3281230926513672,4.62497091293335,843.2614688873291,0.0,843.2614688873291,1.0,True,True
P25,VII,data1_source,1,879,878,878,878,0,1,0,0,True,1,0.4,3.0,0.5,2.0,4.60934591293335,4.60934591293335,0.4531221389770508,4.60934591293335,693.5615119934082,0.0,693.5615119934082,1.0,True,True
P24,VII,data1_source,1,702,701,701,701,0,1,0,0,True,1,0.4,3.0,0.5,2.0,4.640594959259033,4.640594959259033,0.4687471389770508,4.640594959259033,553.0066409111023,0.0,553.0066409111023,1.0,True,True
P23,VII,data1_source,1,560,559,559,559,0,1,0,0,True,1,0.4,3.0,0.5,2.0,4.59372091293335,4.59372091293335,0.5156216621398926,4.59372091293335,441.0951385498047,0.0,441.0951385498047,1.0,True,True
P22,VII,data1_source,1,433,432,432,432,0,1,0,0,True,1,0.4,3.0,0.5,2.0,4.64059591293335,4.64059591293335,0.4531221389770508,4.64059591293335,340.80100822448725,0.0,340.80100822448725,1.0,True,True
P21,VII,data1_source,1,337,336,336,336,0,1,0,0,True,1,0.4,3.0,0.5,2.0,1.5937399864196777,1.5937399864196777,0.7031207084655762,1.5937399864196777,264.9753665924072,0.0,264.9753665924072,1.0,True,True
